,organization_label (en),REF URL organization_label (en),RET DAT organization_label (en),description (en),alias (en),instance of (P31),REF URL instance of (P31),RET DAT instance of (P31),located at street address (P6375),REF URL located at street address (P6375),RET DAT located at street address (P6375),city (P131),REF URL city (P131),RET DAT city (P131),county (P131),REF URL county (P131),RET DAT county (P131),state (P131),REF URL state (P131),RET DAT state (P131),country (P17),REF URL country (P17),RET DAT country (P17),coordinate location (P625),REF URL coordinate location (P625),RET DAT coordinate location (P625),phone number (P1329),REF URL phone number (P1329),RET DAT phone number (P1329),email address (P968),REF URL email address (P968),RET DAT email address (P968),official website (P856),REF URL official website (P856),RET DAT official website (P856),inception (P571),REF URL inception (P571),RET DAT inception (P571),"dissolved, abolished or demolished (P576)","REF URL dissolved, abolished or demolished (P576)","RET DAT dissolved, abolished or demolished (P576)",parent organization (P749),REF URL parent organization (P749),RET DAT parent organization (P749),subsidiaries (P355),REF URL subsidiaries (P355),RET DAT subsidiaries (P355),PO Box (P2918),REF URL PO Box (P2918),RET DAT PO Box (P2918),Postal Code (P281),REF URL Postal Code (P281),RET DAT Postal Code (P281),Facebook ID (P2013),REF URL Facebook ID (P2013),RET DAT Facebook ID (P2013)," Source Notes"," Internal Notes",QC
1607,C4 Atlanta,https://web.archive.org/web/20200522142638/https://www.artsgeorgia.net/directory/georgia/,2020-05-22,"not-for-profit arts organization in Atlanta, Georgia, USA",,not-for-profit arts organization,https://web.archive.org/web/20200626191152/https://c4atlanta.org/,2020-06-26,"132 Mitchell Street SW, Floor 3, Atlanta, GA 30303",https://web.archive.org/web/20200626192748/https://c4atlanta.org/contact/,2020-06-26,Atlanta,https://web.archive.org/web/20200626192748/https://c4atlanta.org/contact/,2020-06-26,Fulton County,https://www.mapdevelopers.com/what-county-am-i-in.php,2020-06-26,Georgia,https://web.archive.org/web/20200522142638/https://www.artsgeorgia.net/directory/georgia/,2020-05-22,United States of America,https://web.archive.org/web/20200522142638/https://www.artsgeorgia.net/directory/georgia/,2020-05-22,"33.750423, -84.392359","https://www.google.com/maps/place/132+Mitchell+St+SW,+Atlanta,+GA+30303/@33.7504257,-84.3924649,21z",2020-06-26,+1-404-969-2787,https://web.archive.org/web/20200626192748/https://c4atlanta.org/contact/,2020-06-26,mailto:actionteam@c4atlanta.org,https://web.archive.org/web/20200626192748/https://c4atlanta.org/contact/,2020-06-26,https://c4atlanta.org/,https://web.archive.org/web/20200626191152/https://c4atlanta.org/,2020-06-26,,,,"","","",,,,,,,170319,https://web.archive.org/web/20200626192748/https://c4atlanta.org/contact/,2020-06-26,30317,https://web.archive.org/web/20200626192748/https://c4atlanta.org/contact/,2020-06-26,,,,"","",2020-08-14 CL
1608,Atlanta Coalition of Performing Arts,https://web.archive.org/web/20200522142638/https://www.artsgeorgia.net/directory/georgia/,2020-05-22,"not-for-profit arts organization in Atlanta, Georgia, USA",Atlanta Performs,not-for-profit arts organization,https://web.archive.org/web/20200626195118/https://c4atlanta.org/tag/atlanta-performs/,2020-06-26,,,,,,,,,,Georgia,https://web.archive.org/web/20200522142638/https://www.artsgeorgia.net/directory/georgia/,2020-05-22,United States of America,https://web.archive.org/web/20200522142638/https://www.artsgeorgia.net/directory/georgia/,2020-05-22,,,,,,,,,,,,,,,,"2015","https://web.archive.org/web/20200626195118/https://c4atlanta.org/tag/atlanta-performs/","2020-06-26",,,,,,,,,,,,,,,,""," ",2020-08-14 CL
1609,VSA Arts of Georgia,https://web.archive.org/web/20200522142638/https://www.artsgeorgia.net/directory/georgia/,2020-05-22,"not-for-profit arts organization in Atlanta, Georgia, USA",,not-for-profit arts organization,https://web.archive.org/web/20200626201414/https://www.facebook.com/VSAartsGA/,2020-06-26,"57 Forsyth Street NW, Suite R-1, Atlanta, GA 30303",https://web.archive.org/web/20200626200049/https://www.gcapp.org/vsa,2020-06-26,Atlanta,https://web.archive.org/web/20200626200049/https://www.gcapp.org/vsa,2020-06-26,Fulton County,https://www.mapdevelopers.com/what-county-am-i-in.php,2020-06-26,Georgia,https://web.archive.org/web/20200522142638/https://www.artsgeorgia.net/directory/georgia/,2020-05-22,United States of America,https://web.archive.org/web/20200522142638/https://www.artsgeorgia.net/directory/georgia/,2020-05-22,,,,+1-404-221-1270,https://web.archive.org/web/20200626200049/https://www.gcapp.org/vsa,2020-06-26,,,,,,,,,,"","","",,,,,,,,,,,,,VSAartsGA,https://web.archive.org/web/20200626201414/https://www.facebook.com/VSAartsGA/,2020-06-26,"","",2020-08-14 CL
1610,Georgia Artists with Disabilities,https://web.archive.org/web/20200522142638/https://www.artsgeorgia.net/directory/georgia/,2020-05-22,"not-for-profit arts organization in Covington, Georgia, USA",,not-for-profit arts organization,https://web.archive.org/web/20200626201842/https://www.georgiaartistswd.org/contact-us.php,2020-06-26,"190 Autumn Court, Covington, GA 30016",https://web.archive.org/web/20200626201842/https://www.georgiaartistswd.org/contact-us.php,2020-06-26,Covington,https://web.archive.org/web/20200626201842/https://www.georgiaartistswd.org/contact-us.php,2020-06-26,Newton County,https://www.mapdevelopers.com/what-county-am-i-in.php,2020-06-26,Georgia,https://web.archive.org/web/20200522142638/https://www.artsgeorgia.net/directory/georgia/,2020-05-22,United States of America,https://web.archive.org/web/20200522142638/https://www.artsgeorgia.net/directory/georgia/,2020-05-22,"33.500533, -83.998503","https://www.google.com/maps/place/190+Autumn+Ct,+Covington,+GA+30016/@33.5005294,-83.998638,21z",2020-06-26,+1-678-625-9788,https://web.archive.org/web/20200626201842/https://www.georgiaartistswd.org/contact-us.php,2020-06-26,mailto:theresashields84@hotmail.com,https://web.archive.org/web/20200626201842/https://www.georgiaartistswd.org/contact-us.php,2020-06-26,https://www.georgiaartistswd.org/index.php,https://web.archive.org/web/20200626201733/https://www.georgiaartistswd.org/,2020-06-26,,,,"","","",,,,,,,,,,,,,,,,"","",2020-08-14 CL
1611,Festivals and Events,https://web.archive.org/web/20200626203338/https://festivalsandevents.com/,2020-06-26,"website in Bainbridge, Georgia, USA",,website,https://web.archive.org/web/20200626203338/https://festivalsandevents.com/,2020-06-26,,,,Bainbridge,https://web.archive.org/web/20200626203338/https://festivalsandevents.com/,2020-06-26,Decatur County,https://www.mapdevelopers.com/what-county-am-i-in.php,2020-06-26,Georgia,https://web.archive.org/web/20200522142638/https://www.artsgeorgia.net/directory/georgia/,2020-05-22,United States of America,https://web.archive.org/web/20200522142638/https://www.artsgeorgia.net/directory/georgia/,2020-05-22,,,,,,,,,,https://festivalsandevents.com/index.php,https://web.archive.org/web/20200626203338/https://festivalsandevents.com/,2020-06-26,,,,"","","",,,,,,,1686,https://web.archive.org/web/20200626203338/https://festivalsandevents.com/,2020-06-26,39818,https://web.archive.org/web/20200626203338/https://festivalsandevents.com/,2020-06-26,,,,"","",2020-08-14 CL
1612,Georgia Lawyers for the Arts,https://web.archive.org/web/20200522142638/https://www.artsgeorgia.net/directory/georgia/,2020-05-22,"nonprofit organization in Atlanta, Georgia, USA",,nonprofit organization,https://web.archive.org/web/20200629141838/https://glarts.org/,2020-06-29,"887 West Marietta Street NW, Suite J-101, Atlanta, GA 30318",https://web.archive.org/web/20200629141838/https://glarts.org/,2020-06-29,Atlanta,https://web.archive.org/web/20200629141838/https://glarts.org/,2020-06-29,Fulton County,https://www.mapdevelopers.com/what-county-am-i-in.php,2020-06-29,Georgia,https://web.archive.org/web/20200522142638/https://www.artsgeorgia.net/directory/georgia/,2020-05-22,United States of America,https://web.archive.org/web/20200522142638/https://www.artsgeorgia.net/directory/georgia/,2020-05-22,"33.782294, -84.416200","https://www.google.com/maps/place/887+West+Marietta+St+NW+Suite+J-101,+Atlanta,+GA+30318/@33.7822913,-84.4163365,21z",2020-06-29,+1-404-873-3911,https://web.archive.org/web/20200629141838/https://glarts.org/,2020-06-29,mailto:gla@glarts.org,https://web.archive.org/web/20200629141838/https://glarts.org/,2020-06-29,https://glarts.org/,https://web.archive.org/web/20200629141838/https://glarts.org/,2020-06-29,,,,"","","",,,,,,,,,,,,,,,,"","",2020-08-14 CL
1613,South Carolina Volunteer Lawyers for the Arts,https://web.archive.org/web/20200522142638/https://www.artsgeorgia.net/directory/georgia/,2020-05-22,"nonprofit organization in South Carolina, USA",,nonprofit organization,https://web.archive.org/web/20200629150912/http://www.scvolunteerlawyersforthearts.org/,2020-06-29,,,,,,,,,,South Carolina,https://web.archive.org/web/20200522142638/https://www.artsgeorgia.net/directory/georgia/,2020-05-22,United States of America,https://web.archive.org/web/20200522142638/https://www.artsgeorgia.net/directory/georgia/,2020-05-22,,,,,,,,,,http://www.scvolunteerlawyersforthearts.org/,https://web.archive.org/web/20200629150912/http://www.scvolunteerlawyersforthearts.org/,2020-06-29,,,,"","","",,,,,,,,,,,,,,,,"","",2020-08-14 CL
1614,Georgia Center for Non Profits,https://web.archive.org/web/20200522142638/https://www.artsgeorgia.net/directory/georgia/,2020-05-22,"nonprofit organization in Atlanta, Georgia, USA",,nonprofit organization,https://web.archive.org/web/20200629145859/https://www.gcn.org/,2020-06-29,"100 Peachtree Street NW, Suite 1500, Atlanta, GA 30303",https://web.archive.org/web/20200629145859/https://www.gcn.org/,2020-06-29,Atlanta,https://web.archive.org/web/20200629145859/https://www.gcn.org/,2020-06-29,Fulton County,https://www.mapdevelopers.com/what-county-am-i-in.php,2020-06-29,Georgia,https://web.archive.org/web/20200522142638/https://www.artsgeorgia.net/directory/georgia/,2020-05-22,United States of America,https://web.archive.org/web/20200522142638/https://www.artsgeorgia.net/directory/georgia/,2020-05-22,"33.756850, -84.388601","https://www.google.com/maps/place/100+Peachtree+St+NW+%231500,+Atlanta,+GA+30303/@33.7568479,-84.3887368,21z",2020-06-29,+1-678-916-3000,https://web.archive.org/web/20200629145859/https://www.gcn.org/,2020-06-29,mailto:info@gcn.org,https://web.archive.org/web/20200629145859/https://www.gcn.org/,2020-06-29,https://www.gcn.org/,https://web.archive.org/web/20200629145859/https://www.gcn.org/,2020-06-29,,,,"","","",,,,,,,,,,,,,,,,"","",2020-08-14 CL
1615,Georgia Alliance for Arts Education,https://web.archive.org/web/20200522142638/https://www.artsgeorgia.net/directory/georgia/,2020-05-22,"not-for-profit arts organization in Lithia Springs, Georgia, USA",,not-for-profit arts organization,https://web.archive.org/web/20200629151513/https://www.artsedga.org/,2020-06-29,,,,Lithia Springs,https://web.archive.org/web/20200629154728/https://www.artsedga.org/contact/,2020-06-29,Douglas County,https://www.mapdevelopers.com/what-county-am-i-in.php,2020-06-29,Georgia,https://web.archive.org/web/20200522142638/https://www.artsgeorgia.net/directory/georgia/,2020-05-22,United States of America,https://web.archive.org/web/20200522142638/https://www.artsgeorgia.net/directory/georgia/,2020-05-22,,,,,,,mailto:artsed@artsedga.org,https://web.archive.org/web/20200629154728/https://www.artsedga.org/contact/,2020-06-29,https://www.artsedga.org/,https://web.archive.org/web/20200629151513/https://www.artsedga.org/,2020-06-29,,,,"","","",,,,,,,220,https://web.archive.org/web/20200629154728/https://www.artsedga.org/contact/,2020-06-29,30122,https://web.archive.org/web/20200629154728/https://www.artsedga.org/contact/,2020-06-29,,,,"","",2020-08-14 CL
1616,Georgia Art Education Association,https://web.archive.org/web/20200522142638/https://www.artsgeorgia.net/directory/georgia/,2020-05-22,"not-for-profit arts organization in Georgia, USA",,not-for-profit arts organization,https://web.archive.org/web/20200629155703/https://www.gaea-artforall.org/,2020-06-29,,,,,,,,,,Georgia,https://web.archive.org/web/20200522142638/https://www.artsgeorgia.net/directory/georgia/,2020-05-22,United States of America,https://web.archive.org/web/20200522142638/https://www.artsgeorgia.net/directory/georgia/,2020-05-22,,,,,,,mailto:Linn_Zamora@gwinnett.k12.ga.us,https://web.archive.org/web/20200629155703/https://www.gaea-artforall.org/,2020-06-29,https://www.gaea-artforall.org/,https://web.archive.org/web/20200629155703/https://www.gaea-artforall.org/,2020-06-29,,,,"","","",,,,,,,,,,,,,GeorgiaArtEducationAssociation,https://web.archive.org/web/20200629160221/https://www.facebook.com/GeorgiaArtEducationAssociation/,2020-06-29,"","",2020-08-14 CL
1617,Georgia Music Educators Association,https://web.archive.org/web/20200522142638/https://www.artsgeorgia.net/directory/georgia/,2020-05-22,"not-for-profit arts organization in Georgia, USA",,not-for-profit arts organization,https://web.archive.org/web/20200629160343/https://www.gmea.org/,2020-06-29,,,,,,,,,,Georgia,https://web.archive.org/web/20200522142638/https://www.artsgeorgia.net/directory/georgia/,2020-05-22,United States of America,https://web.archive.org/web/20200522142638/https://www.artsgeorgia.net/directory/georgia/,2020-05-22,,,,+1-800-336-3768,https://web.archive.org/web/20200629160343/https://www.gmea.org/,2020-06-29,,,,https://www.gmea.org/,https://web.archive.org/web/20200629160343/https://www.gmea.org/,2020-06-29,1922,https://web.archive.org/web/20200629161036/https://www.facebook.com/GMEAorg/,2020-06-29,"","","",,,,,,,,,,,,,GMEAorg,https://web.archive.org/web/20200629161036/https://www.facebook.com/GMEAorg/,2020-06-29,"","",2020-08-14 CL
1618,Atlanta Symphony Orchestra for Educators,https://web.archive.org/web/20200522142638/https://www.artsgeorgia.net/directory/georgia/,2020-05-22,"not-for-profit arts organization in Atlanta, Georgia, USA",,not-for-profit arts organization,https://web.archive.org/web/20200629163155/https://www.atlantasymphony.org/Education-And-Community/Educators,2020-06-29,"1280 Peachtree Street NE, Atlanta, GA 30309",https://web.archive.org/web/20200629163155/https://www.atlantasymphony.org/Education-And-Community/Educators,2020-06-29,Atlanta,https://web.archive.org/web/20200629163155/https://www.atlantasymphony.org/Education-And-Community/Educators,2020-06-29,Fulton County,https://www.mapdevelopers.com/what-county-am-i-in.php,2020-06-29,Georgia,https://web.archive.org/web/20200522142638/https://www.artsgeorgia.net/directory/georgia/,2020-05-22,United States of America,https://web.archive.org/web/20200522142638/https://www.artsgeorgia.net/directory/georgia/,2020-05-22,"33.789395, -84.384656","https://www.google.com/maps/place/The+Woodruff+Arts+Center/@33.7894005,-84.3849231,20z",2020-06-29,+1-404-733-4900,https://web.archive.org/web/20200629163155/https://www.atlantasymphony.org/Education-And-Community/Educators,2020-06-29,,,,https://www.atlantasymphony.org/Education-And-Community/Educators,https://web.archive.org/web/20200629163155/https://www.atlantasymphony.org/Education-And-Community/Educators,2020-06-29,,,,"","","",Atlanta Symphony Orchestra,https://web.archive.org/web/20200629182406/https://www.atlantasymphony.org/,2020-06-29,,,,,,,,,,,,,"","",2020-08-14 CL
1619,Georgia Writers Association,https://web.archive.org/web/20200522142638/https://www.artsgeorgia.net/directory/georgia/,2020-05-22,"not-for-profit arts organization in Georgia, USA",,not-for-profit arts organization,https://web.archive.org/web/20200629165156/https://www.georgiawriters.org/,2020-06-29,"440 Bartow Ave, #2701, Kennesaw, GA 30144",https://web.archive.org/web/20200629170549/https://www.facebook.com/GeorgiaWritersAssociation/,2020-06-29,Kennesaw,https://web.archive.org/web/20200629170549/https://www.facebook.com/GeorgiaWritersAssociation/,2020-06-29,Cobb County,https://www.mapdevelopers.com/what-county-am-i-in.php,2020-06-29,Georgia,https://web.archive.org/web/20200522142638/https://www.artsgeorgia.net/directory/georgia/,2020-05-22,United States of America,https://web.archive.org/web/20200522142638/https://www.artsgeorgia.net/directory/georgia/,2020-05-22,"34.039258, -84.584217","https://www.google.com/maps/place/440+Bartow+Ave+%232701,+Kennesaw,+GA+30144/@34.0392558,-84.5844892,20z",2020-06-29,+1-470-578-4736,https://web.archive.org/web/20200629170549/https://www.facebook.com/GeorgiaWritersAssociation/,2020-06-29,,,,https://www.georgiawriters.org/,https://web.archive.org/web/20200629165156/https://www.georgiawriters.org/,2020-06-29,,,,"","","",,,,,,,,,,,,,GeorgiaWritersAssociation,https://web.archive.org/web/20200629170549/https://www.facebook.com/GeorgiaWritersAssociation/,2020-06-29,"","",2020-08-14 CL
1620,Georgia Poetry Society,https://web.archive.org/web/20200522142638/https://www.artsgeorgia.net/directory/georgia/,2020-05-22,"not-for-profit arts organization in Dahlonega, Georgia, USA",,not-for-profit arts organization,https://web.archive.org/web/20200629171512/https://georgiapoetrysociety.org/,2020-06-29,"263 Lucy Lane, Dahlonega, GA 30533",https://web.archive.org/web/20200629172609/https://georgiapoetrysociety.org/contact-us/,2020-06-29,Dahlonega,https://web.archive.org/web/20200629172609/https://georgiapoetrysociety.org/contact-us/,2020-06-29,Lumpkin County,https://www.mapdevelopers.com/what-county-am-i-in.php,2020-06-29,Georgia,https://web.archive.org/web/20200522142638/https://www.artsgeorgia.net/directory/georgia/,2020-05-22,United States of America,https://web.archive.org/web/20200522142638/https://www.artsgeorgia.net/directory/georgia/,2020-05-22,"34.629530, -83.990774","https://www.google.com/maps/place/263+Lucy+Ln,+Dahlonega,+GA+30533/@34.6295283,-83.9929622,17z",2020-06-29,,,,mailto:President@georgiapoetrysociety.org,https://web.archive.org/web/20200629172609/https://georgiapoetrysociety.org/contact-us/,2020-06-29,https://georgiapoetrysociety.org/,https://web.archive.org/web/20200629171512/https://georgiapoetrysociety.org/,2020-06-29,,,,"","","",,,,,,,,,,,,,,,,"","",2020-08-20 CL
1621,New Georgia Encyclopedia,https://web.archive.org/web/20200522142638/https://www.artsgeorgia.net/directory/georgia/,2020-05-22,"website in Atlanta, Georgia, USA",,website,https://web.archive.org/web/20200629173138/https://www.georgiaencyclopedia.org/,2020-06-29,"50 Hurt Plaza SE, Suite 595, Atlanta, GA 30303",https://web.archive.org/web/20200629173446/https://www.georgiaencyclopedia.org/contact-us,2020-06-29,Atlanta,https://web.archive.org/web/20200629173446/https://www.georgiaencyclopedia.org/contact-us,2020-06-29,Fulton County,https://www.mapdevelopers.com/what-county-am-i-in.php,2020-06-29,Georgia,https://web.archive.org/web/20200522142638/https://www.artsgeorgia.net/directory/georgia/,2020-05-22,United States of America,https://web.archive.org/web/20200522142638/https://www.artsgeorgia.net/directory/georgia/,2020-05-22,"33.754338, -84.386812","https://www.google.com/maps/place/Hurt+Bldg,+50+Hurt+Plaza+SE+%23595,+Atlanta,+GA+30303/@33.7543349,-84.3869484,21z",2020-06-29,,,,,,,https://www.georgiaencyclopedia.org/,https://web.archive.org/web/20200629173138/https://www.georgiaencyclopedia.org/,2020-06-29,,,,"","","",,,,,,,,,,,,,,,,"","",2020-08-20 CL
1622,Georgia Writers Hall of Fame,https://web.archive.org/web/20200522142638/https://www.artsgeorgia.net/directory/georgia/,2020-05-22,"hall of fame in Athens, Georgia, USA",,hall of fame,https://web.archive.org/web/20200629173648/https://georgiawritershalloffame.org/,2020-06-29,"300 South Hull Street, Athens, GA 30602",https://web.archive.org/web/20200629173955/https://georgiawritershalloffame.org/contact-us,2020-06-29,Athens,https://web.archive.org/web/20200629173955/https://georgiawritershalloffame.org/contact-us,2020-06-29,Clarke County,https://www.mapdevelopers.com/what-county-am-i-in.php,2020-06-29,Georgia,https://web.archive.org/web/20200522142638/https://www.artsgeorgia.net/directory/georgia/,2020-05-22,United States of America,https://web.archive.org/web/20200522142638/https://www.artsgeorgia.net/directory/georgia/,2020-05-22,"33.954045, -83.378210","https://www.google.com/maps/place/Richard+B.+Russell+Building,+300+S+Hull+St,+Athens,+GA+30605/@33.9540443,-83.3783457,21z",2020-06-29,+1-706-542-7123,https://web.archive.org/web/20200629173955/https://georgiawritershalloffame.org/contact-us,2020-06-29,,,,https://georgiawritershalloffame.org/,https://web.archive.org/web/20200629173648/https://georgiawritershalloffame.org/,2020-06-29,,,,"","","",University of Georgia,https://web.archive.org/web/20200629181100/https://www.uga.edu/,2020-06-29,,,,,,,,,,,,,"","",2020-08-20 CL
1623,Georgia Children's Books Awards,https://web.archive.org/web/20200522142638/https://www.artsgeorgia.net/directory/georgia/,2020-05-22,"literary award in Athens, Georgia, USA",,literary award,https://web.archive.org/web/20200629175156/https://coe.uga.edu/events/georgia-childrens-book-awards,2020-06-29,"315 Aderhold Hall, Athens, GA 30602",https://web.archive.org/web/20200629175156/https://coe.uga.edu/events/georgia-childrens-book-awards,2020-06-29,Athens,https://web.archive.org/web/20200629175156/https://coe.uga.edu/events/georgia-childrens-book-awards,2020-06-29,Clarke County,https://www.mapdevelopers.com/what-county-am-i-in.php,2020-06-29,Georgia,https://web.archive.org/web/20200522142638/https://www.artsgeorgia.net/directory/georgia/,2020-05-22,United States of America,https://web.archive.org/web/20200522142638/https://www.artsgeorgia.net/directory/georgia/,2020-05-22,"33.941771, -83.373105","https://www.google.com/maps/place/Aderhold+Hall/@33.9417695,-83.3732411,21z",2020-06-29,+1-706-542-6446,https://web.archive.org/web/20200629175156/https://coe.uga.edu/events/georgia-childrens-book-awards,2020-06-29,mailto:gcba@uga.edu,https://web.archive.org/web/20200629175156/https://coe.uga.edu/events/georgia-childrens-book-awards,2020-06-29,https://coe.uga.edu/events/georgia-childrens-book-awards,https://web.archive.org/web/20200629175156/https://coe.uga.edu/events/georgia-childrens-book-awards,2020-06-29,,,,"","","",University of Georgia,https://web.archive.org/web/20200629181100/https://www.uga.edu/,2020-06-29,,,,,,,,,,,,,"","",2020-08-20 CL
1624,Georgia Library Association,https://web.archive.org/web/20200522142638/https://www.artsgeorgia.net/directory/georgia/,2020-05-22,"nonprofit organization in Savannah, Georgia, USA",,nonprofit organization,https://web.archive.org/web/20200629181330/https://gla.georgialibraries.org/,2020-06-29,,,,Savannah,https://web.archive.org/web/20200629181330/https://gla.georgialibraries.org/,2020-06-29,Chatham County,https://www.mapdevelopers.com/what-county-am-i-in.php,2020-06-29,Georgia,https://web.archive.org/web/20200522142638/https://www.artsgeorgia.net/directory/georgia/,2020-05-22,United States of America,https://web.archive.org/web/20200522142638/https://www.artsgeorgia.net/directory/georgia/,2020-05-22,,,,+1-912-376-9155,https://web.archive.org/web/20200629181330/https://gla.georgialibraries.org/,2020-06-29,mailto:membership.gla@gmail.com,https://web.archive.org/web/20200629181330/https://gla.georgialibraries.org/,2020-06-29,https://gla.georgialibraries.org/,https://web.archive.org/web/20200629181330/https://gla.georgialibraries.org/,2020-06-29,,,,"","","",,,,,,,30324,https://web.archive.org/web/20200629181330/https://gla.georgialibraries.org/,2020-06-29,31410,https://web.archive.org/web/20200629181330/https://gla.georgialibraries.org/,2020-06-29,,,,"","",2020-08-20 CL
1625,Georgia Center for the Book,https://web.archive.org/web/20200522142638/https://www.artsgeorgia.net/directory/georgia/,2020-05-22,"nonprofit organization in Decatur, Georgia, USA",,nonprofit organization,https://web.archive.org/web/20200629182613/http://www.georgiacenterforthebook.org/,2020-06-29,"215 Sycamore Street, Decatur, GA 30030",https://web.archive.org/web/20200629182613/http://www.georgiacenterforthebook.org/,2020-06-29,Decatur,https://web.archive.org/web/20200629182613/http://www.georgiacenterforthebook.org/,2020-06-29,DeKalb County,https://www.mapdevelopers.com/what-county-am-i-in.php,2020-06-29,Georgia,https://web.archive.org/web/20200522142638/https://www.artsgeorgia.net/directory/georgia/,2020-05-22,United States of America,https://web.archive.org/web/20200522142638/https://www.artsgeorgia.net/directory/georgia/,2020-05-22,"33.774160, -84.294040","https://www.google.com/maps/place/Georgia+Center+For+The+Book/@33.77416,-84.2941768,21z",2020-06-29,+1-404-370-3070,https://web.archive.org/web/20200629182613/http://www.georgiacenterforthebook.org/,2020-06-29,,,,http://www.georgiacenterforthebook.org/index.php,https://web.archive.org/web/20200629182613/http://www.georgiacenterforthebook.org/,2020-06-29,,,,"","","",,,,,,,,,,,,,,,,"","",2020-08-20 CL
1626,Georgia Literary Festival,https://web.archive.org/web/20200522142638/https://www.artsgeorgia.net/directory/georgia/,2020-05-22,"literary festival in Decatur, Georgia, USA",,literary festival,https://web.archive.org/web/20200629184606/http://www.georgiacenterforthebook.org/Georgia-Literary-Festival/,2020-06-29,,,,Decatur,https://web.archive.org/web/20200629183932/https://www.facebook.com/GeorgiaLiteraryFestival/,2020-06-29,DeKalb County,https://www.mapdevelopers.com/what-county-am-i-in.php,2020-06-29,Georgia,https://web.archive.org/web/20200522142638/https://www.artsgeorgia.net/directory/georgia/,2020-05-22,United States of America,https://web.archive.org/web/20200522142638/https://www.artsgeorgia.net/directory/georgia/,2020-05-22,,,,+1-404-370-3070 Ext 2285,https://web.archive.org/web/20200629183932/https://www.facebook.com/GeorgiaLiteraryFestival/,2020-06-29,mailto:Karin.Gillespie@gmail.com,https://web.archive.org/web/20200629184606/http://www.georgiacenterforthebook.org/Georgia-Literary-Festival/,2020-06-29,http://www.georgiacenterforthebook.org/Georgia-Literary-Festival/,https://web.archive.org/web/20200629184606/http://www.georgiacenterforthebook.org/Georgia-Literary-Festival/,2020-06-29,,,,"","","",,,,,,,,,,,,,GeorgiaLiteraryFestival,https://web.archive.org/web/20200629183932/https://www.facebook.com/GeorgiaLiteraryFestival/,2020-06-29,"","",2020-08-20 CL
1627,Georgia Music Foundation,https://web.archive.org/web/20200629185238/https://www.georgiamusicfoundation.org/,2020-06-29,"not-for-profit arts organization in Macon, Georgia, USA",,not-for-profit arts organization,https://web.archive.org/web/20200629185238/https://www.georgiamusicfoundation.org/,2020-06-29,"560 Arlington Place, Macon, Georgia 31201",https://web.archive.org/web/20200629191912/https://www.georgiamusicfoundation.org/contact-us/,2020-06-29,Macon,https://web.archive.org/web/20200629191912/https://www.georgiamusicfoundation.org/contact-us/,2020-06-29,Bibb County,https://www.mapdevelopers.com/what-county-am-i-in.php,2020-06-29,Georgia,https://web.archive.org/web/20200522142638/https://www.artsgeorgia.net/directory/georgia/,2020-05-22,United States of America,https://web.archive.org/web/20200522142638/https://www.artsgeorgia.net/directory/georgia/,2020-05-22,"32.838797, -83.640808","https://www.google.com/maps/place/560+Arlington+Pl,+Macon,+GA+31201/@32.8387931,-83.6409443,21z",2020-06-29,,,,mailto:info@gamusicfoundation.org,https://web.archive.org/web/20200629191912/https://www.georgiamusicfoundation.org/contact-us/,2020-06-29,https://www.georgiamusicfoundation.org/,https://web.archive.org/web/20200629185238/https://www.georgiamusicfoundation.org/,2020-06-29,,,,"","","",,,,,,,,,,,,,,,,"","",2020-08-20 CL
1628,Columbus Symphony Orchestra,https://web.archive.org/web/20200522142638/https://www.artsgeorgia.net/directory/georgia/,2020-05-22,"symphony orchestra in Columbus, Georgia, USA",,symphony orchestra,https://web.archive.org/web/20200629192416/https://csoga.org/,2020-06-29,"900 Broadway, Columbus, GA 31901",https://web.archive.org/web/20200629192416/https://csoga.org/,2020-06-29,Columbus,https://web.archive.org/web/20200629192416/https://csoga.org/,2020-06-29,Muscogee County,https://www.mapdevelopers.com/what-county-am-i-in.php,2020-06-29,Georgia,https://web.archive.org/web/20200522142638/https://www.artsgeorgia.net/directory/georgia/,2020-05-22,United States of America,https://web.archive.org/web/20200522142638/https://www.artsgeorgia.net/directory/georgia/,2020-05-22,"32.463817, -84.992418","https://www.google.com/maps/place/Columbus+Symphony+Orchestra+(GA)/@32.4637636,-84.9925829,21z",2020-06-29,+1-706-256-3612,https://web.archive.org/web/20200629192416/https://csoga.org/,2020-06-29,,,,https://csoga.org/,https://web.archive.org/web/20200629192416/https://csoga.org/,2020-06-29,,,,"","","",,,,,,,1499,https://web.archive.org/web/20200629192416/https://csoga.org/,2020-06-29,31902,https://web.archive.org/web/20200629192416/https://csoga.org/,2020-06-29,,,,"","",2020-08-20 CL
1629,Fox Theater Institute,https://web.archive.org/web/20200522142638/https://www.artsgeorgia.net/directory/georgia/,2020-05-22,"nonprofit organization in Atlanta, Georgia, USA",,nonprofit organization,https://web.archive.org/web/20200629193153/https://www.foxtheatre.org/support/fox-theatre-institute,2020-06-29,"660 Peachtree Street NE, Atlanta, GA 30308",https://web.archive.org/web/20200629193153/https://www.foxtheatre.org/support/fox-theatre-institute,2020-06-29,Atlanta,https://web.archive.org/web/20200629193153/https://www.foxtheatre.org/support/fox-theatre-institute,2020-06-29,Fulton County,https://www.mapdevelopers.com/what-county-am-i-in.php,2020-06-29,Georgia,https://web.archive.org/web/20200522142638/https://www.artsgeorgia.net/directory/georgia/,2020-05-22,United States of America,https://web.archive.org/web/20200522142638/https://www.artsgeorgia.net/directory/georgia/,2020-05-22,"33.772631, -84.385650","https://www.google.com/maps/place/Fox+Theatre/@33.7724977,-84.3855683,20z",2020-06-29,+1-404-881-2003,https://web.archive.org/web/20200629193153/https://www.foxtheatre.org/support/fox-theatre-institute,2020-06-29,mailto:Leigh.Burns@foxtheatre.org,https://web.archive.org/web/20200629193153/https://www.foxtheatre.org/support/fox-theatre-institute,2020-06-29,https://www.foxtheatre.org/support/fox-theatre-institute,https://web.archive.org/web/20200629193153/https://www.foxtheatre.org/support/fox-theatre-institute,2020-06-29,,,,"","","",Fox Theatre,https://web.archive.org/web/20200629194319/https://www.foxtheatre.org/,2020-06-29,,,,,,,,,,,,,"","",2020-08-20 CL
1630,Georgia Theatre Conference,https://web.archive.org/web/20200522142638/https://www.artsgeorgia.net/directory/georgia/,2020-05-22,"not-for-profit arts organization in Moultrie, Georgia, USA",,not-for-profit arts organization,https://web.archive.org/web/20200629194720/https://georgiatheatreweb.wixsite.com/gtc-website,2020-06-29,"401 7th Avenue SW, Moultrie, GA 31768",https://web.archive.org/web/20200629195201/https://georgiatheatreweb.wixsite.com/gtc-website/contact-us,2020-06-29,Moultrie,https://web.archive.org/web/20200629195201/https://georgiatheatreweb.wixsite.com/gtc-website/contact-us,2020-06-29,Colquitt County,https://www.mapdevelopers.com/what-county-am-i-in.php,2020-06-29,Georgia,https://web.archive.org/web/20200522142638/https://www.artsgeorgia.net/directory/georgia/,2020-05-22,United States of America,https://web.archive.org/web/20200522142638/https://www.artsgeorgia.net/directory/georgia/,2020-05-22,"31.172359, -83.794463","https://www.google.com/maps/place/401+7th+Ave+SW,+Moultrie,+GA+31768/@31.1723565,-83.7945992,21z",2020-06-29,,,,,,,https://georgiatheatreweb.wixsite.com/gtc-website,https://web.archive.org/web/20200629194720/https://georgiatheatreweb.wixsite.com/gtc-website,2020-06-29,,,,"","","",,,,,,,,,,,,,,,,"","",2020-08-20 CL
1631,Georgia Watercolor Society,https://web.archive.org/web/20200522142638/https://www.artsgeorgia.net/directory/georgia/,2020-05-22,"not-for-profit arts organization in Georgia, USA",,not-for-profit arts organization,https://web.archive.org/web/20200629195407/http://georgiawatercolorsociety.com/,2020-06-29,,,,,,,,,,Georgia,https://web.archive.org/web/20200522142638/https://www.artsgeorgia.net/directory/georgia/,2020-05-22,United States of America,https://web.archive.org/web/20200522142638/https://www.artsgeorgia.net/directory/georgia/,2020-05-22,,,,,,,mailto:georgiawatercolorsociety@gmail.com,https://web.archive.org/web/20200629200213/http://georgiawatercolorsociety.com/contact-us/,2020-06-29,http://georgiawatercolorsociety.com/,https://web.archive.org/web/20200629195407/http://georgiawatercolorsociety.com/,2020-06-29,,,,"","","",,,,,,,,,,,,,,,,"","",2020-08-20 CL
1632,Georgia's Old Capital Heritage Center at The Depot,https://web.archive.org/web/20200522142638/https://www.artsgeorgia.net/directory/georgia/,2020-05-22,"heritage site in Milledgeville, Georgia, USA",Georgia's Old Capital Museum,heritage site,https://web.archive.org/web/20200629200733/https://www.thedepotga.org/,2020-06-29,"95 Depot Circle, Milledgeville, GA 31062",https://web.archive.org/web/20200629201251/https://www.thedepotga.org/contact,2020-06-29,Milledgeville,https://web.archive.org/web/20200629201251/https://www.thedepotga.org/contact,2020-06-29,Baldwin County,https://www.mapdevelopers.com/what-county-am-i-in.php,2020-06-29,Georgia,https://web.archive.org/web/20200522142638/https://www.artsgeorgia.net/directory/georgia/,2020-05-22,United States of America,https://web.archive.org/web/20200522142638/https://www.artsgeorgia.net/directory/georgia/,2020-05-22,"33.050417, -83.224245","https://www.google.com/maps/place/95+Depot+Cir,+Milledgeville,+GA+31062/@33.0504142,-83.2243821,21z",2020-06-29,+1-478-453-1803,https://web.archive.org/web/20200629201251/https://www.thedepotga.org/contact,2020-06-29,mailto:contact-mwade@thedepotga.org,https://web.archive.org/web/20200629201251/https://www.thedepotga.org/contact,2020-06-29,https://www.thedepotga.org/,https://web.archive.org/web/20200629200733/https://www.thedepotga.org/,2020-06-29,,,,"","","",,,,,,,1177,https://web.archive.org/web/20200629201251/https://www.thedepotga.org/contact,2020-06-29,31059,https://web.archive.org/web/20200629201251/https://www.thedepotga.org/contact,2020-06-29,,,,"","",2020-08-20 CL
1633,Georgia Archives,https://web.archive.org/web/20200522142638/https://www.artsgeorgia.net/directory/georgia/,2020-05-22,"archives in Jonesboro, Georgia, USA",,archives,https://web.archive.org/web/20200629202222/https://www.georgiaarchives.org/,2020-06-29,"5800 Jonesboro Road, Morrow, GA 30260",https://web.archive.org/web/20200629202222/https://www.georgiaarchives.org/,2020-06-29,Jonesboro,https://web.archive.org/web/20200629202222/https://www.georgiaarchives.org/,2020-06-29,Clayton County,https://www.mapdevelopers.com/what-county-am-i-in.php,2020-06-29,Georgia,https://web.archive.org/web/20200522142638/https://www.artsgeorgia.net/directory/georgia/,2020-05-22,United States of America,https://web.archive.org/web/20200522142638/https://www.artsgeorgia.net/directory/georgia/,2020-05-22,"33.596894, -84.336753","https://www.google.com/maps/place/Georgia+Archives/@33.5968928,-84.3368902,21z",2020-06-29,+1-678-364-3710,https://web.archive.org/web/20200629202222/https://www.georgiaarchives.org/,2020-06-29,,,,https://www.georgiaarchives.org/,https://web.archive.org/web/20200629202222/https://www.georgiaarchives.org/,2020-06-29,,,,"","","",,,,,,,,,,,,,,,,"","",2020-08-20 CL
1634,Georgia Council of Professional Archaeologists,https://web.archive.org/web/20200522142638/https://www.artsgeorgia.net/directory/georgia/,2020-05-22,"professional association in Georgia, USA",,professional association,https://web.archive.org/web/20200629203041/http://georgia-archaeology.org/GCPA/,2020-06-29,,,,,,,,,,Georgia,https://web.archive.org/web/20200522142638/https://www.artsgeorgia.net/directory/georgia/,2020-05-22,United States of America,https://web.archive.org/web/20200522142638/https://www.artsgeorgia.net/directory/georgia/,2020-05-22,,,,,,,,,,http://georgia-archaeology.org/GCPA/,https://web.archive.org/web/20200629203041/http://georgia-archaeology.org/GCPA/,2020-06-29,,,,"","","",,,,,,,,,,,,,,,,"","",2020-08-20 CL
1635,Alternate Roots,https://web.archive.org/web/20200522142638/https://www.artsgeorgia.net/directory/georgia/,2020-05-22,"not-for-profit arts organization in Atlanta, Georgia, USA",,not-for-profit arts organization,https://web.archive.org/web/20200629203725/https://alternateroots.org/,2020-06-29,"1270 Caroline Street, Suite D120-353, Atlanta GA 30307",https://web.archive.org/web/20200629203725/https://alternateroots.org/,2020-06-29,Atlanta,https://web.archive.org/web/20200629203725/https://alternateroots.org/,2020-06-29,Fulton County,https://www.mapdevelopers.com/what-county-am-i-in.php,2020-06-29,Georgia,https://web.archive.org/web/20200522142638/https://www.artsgeorgia.net/directory/georgia/,2020-05-22,United States of America,https://web.archive.org/web/20200522142638/https://www.artsgeorgia.net/directory/georgia/,2020-05-22,"33.758587, -84.347346","https://www.google.com/maps/place/1270+Caroline+St+NE+Ste+D120-353,+Atlanta,+GA+30307/@33.7585843,-84.3474814,21z",2020-06-29,+1-404-577-1079,https://web.archive.org/web/20200629203725/https://alternateroots.org/,2020-06-29,mailto:info@alternateROOTS.org,https://web.archive.org/web/20200629204129/https://alternateroots.org/about-us/contact/,2020-06-29,https://alternateroots.org/,https://web.archive.org/web/20200629203725/https://alternateroots.org/,2020-06-29,,,,"","","",,,,,,,,,,,,,,,,"","",2020-08-20 CL
1636,South Cobb Arts Alliance,https://web.archive.org/web/20200522143106/https://www.artsgeorgia.net/directory/local-arts-agency-directory/,2020-05-22,"not-for-profit arts organization in Austell, Georgia, USA",,not-for-profit arts organization,https://web.archive.org/web/20200629205843/https://southcobbarts.org/,2020-06-29,,,,Austell,https://web.archive.org/web/20200629205843/https://southcobbarts.org/,2020-06-29,Cobb County,https://www.mapdevelopers.com/what-county-am-i-in.php,2020-06-29,Georgia,https://web.archive.org/web/20200522142638/https://www.artsgeorgia.net/directory/georgia/,2020-05-22,United States of America,https://web.archive.org/web/20200522142638/https://www.artsgeorgia.net/directory/georgia/,2020-05-22,,,,+1-864-571-0597,https://web.archive.org/web/20200629205843/https://southcobbarts.org/,2020-06-29,,,,https://southcobbarts.org/,https://web.archive.org/web/20200629205843/https://southcobbarts.org/,2020-06-29,,,,"","","",,,,,,,1037,https://web.archive.org/web/20200629205843/https://southcobbarts.org/,2020-06-29,30168,https://web.archive.org/web/20200629205843/https://southcobbarts.org/,2020-06-29,,,,"","",2020-08-20 CL
1637,Artworks Gwinnett,https://web.archive.org/web/20200522143106/https://www.artsgeorgia.net/directory/local-arts-agency-directory/,2020-05-22,"not-for-profit arts organization in Duluth, Georgia, USA",,not-for-profit arts organization,https://web.archive.org/web/20200630171515/https://www.artworksgwinnett.org/,2020-06-30,"6500 Sugarloaf Parkway, Duluth, GA 30097",https://web.archive.org/web/20200630171515/https://www.artworksgwinnett.org/,2020-06-30,Duluth,https://web.archive.org/web/20200630171515/https://www.artworksgwinnett.org/,2020-06-30,Gwinnett County,https://www.mapdevelopers.com/what-county-am-i-in.php,2020-06-30,Georgia,https://web.archive.org/web/20200522142638/https://www.artsgeorgia.net/directory/georgia/,2020-05-22,United States of America,https://web.archive.org/web/20200522142638/https://www.artsgeorgia.net/directory/georgia/,2020-05-22,"33.992456, -84.091723","https://www.google.com/maps/place/6500+Sugarloaf+Pkwy,+Duluth,+GA+30097/@33.9923869,-84.0919341,21z",2020-06-30,,,,mailto:artworksgwinnett1818@gmail.com,https://web.archive.org/web/20200630171515/https://www.artworksgwinnett.org/,2020-06-30,https://www.artworksgwinnett.org/,https://web.archive.org/web/20200630171515/https://www.artworksgwinnett.org/,2020-06-30,,,,"","","",,,,,,,,,,,,,,,,"","",2020-08-20 CL
1638,Norcross Arts Alliance,https://web.archive.org/web/20200522143106/https://www.artsgeorgia.net/directory/local-arts-agency-directory/,2020-05-22,"not-for-profit arts organization in Norcorss, Georgia, USA",,not-for-profit arts organization,https://web.archive.org/web/20200630184719/https://www.facebook.com/Norcross-Arts-Alliance-197283335648/about/,2020-06-30,"174 Park Drive, Norcross, GA 30071",https://web.archive.org/web/20200630184654/https://www.georgia-register.com/08048033-the-norcross-arts-alliance-inc,2020-06-30,Norcross,https://web.archive.org/web/20200630180853/https://www.facebook.com/Norcross-Arts-Alliance-197283335648/,2020-06-30,Gwinnett County,https://www.mapdevelopers.com/what-county-am-i-in.php,2020-06-30,Georgia,https://web.archive.org/web/20200522142638/https://www.artsgeorgia.net/directory/georgia/,2020-05-22,United States of America,https://web.archive.org/web/20200522142638/https://www.artsgeorgia.net/directory/georgia/,2020-05-22,"33.943867, -84.215143","https://www.google.com/maps/place/Norcross+Arts+Alliance+Inc/@33.943865,-84.2156902,19z",2020-06-30,+1-770-662-5512,https://web.archive.org/web/20200630180853/https://www.facebook.com/Norcross-Arts-Alliance-197283335648/,2020-06-30,mailto:artists@norcrossartsalliance.org,https://web.archive.org/web/20200630184719/https://www.facebook.com/Norcross-Arts-Alliance-197283335648/about/,2020-06-30,,,,2008,https://web.archive.org/web/20200630184654/https://www.georgia-register.com/08048033-the-norcross-arts-alliance-inc,2020-06-30,"","","",,,,,,,,,,,,,Norcross-Arts-Alliance-197283335648,https://web.archive.org/web/20200630180853/https://www.facebook.com/Norcross-Arts-Alliance-197283335648/,2020-06-30,"","dissolved -CL",2020-08-20 CL
1639,Johns Creek Arts Center,https://web.archive.org/web/20200522143106/https://www.artsgeorgia.net/directory/local-arts-agency-directory/,2020-05-22,"arts centre in Johns Creek, Georgia, USA",,arts centre,https://web.archive.org/web/20200630185718/https://www.johnscreekarts.org/,2020-06-30,"6290 Abbotts Bridge Road, Building 700, Johns Creek, GA 30097",https://web.archive.org/web/20200630185718/https://www.johnscreekarts.org/,2020-06-30,Johns Creek,https://web.archive.org/web/20200630185718/https://www.johnscreekarts.org/,2020-06-30,Fulton County,https://www.mapdevelopers.com/what-county-am-i-in.php,2020-06-30,Georgia,https://web.archive.org/web/20200522142638/https://www.artsgeorgia.net/directory/georgia/,2020-05-22,United States of America,https://web.archive.org/web/20200522142638/https://www.artsgeorgia.net/directory/georgia/,2020-05-22,"34.045703, -84.175702","https://www.google.com/maps/place/6290+Abbotts+Bridge+Rd,+Duluth,+GA+30097/@34.0457007,-84.1758372,21z",2020-06-30,+1-770-623-8448,https://web.archive.org/web/20200630185718/https://www.johnscreekarts.org/,2020-06-30,,,,https://www.johnscreekarts.org/,https://web.archive.org/web/20200630185718/https://www.johnscreekarts.org/,2020-06-30,,,,"","","",,,,,,,,,,,,,,,,"","",2020-08-20 CL
1640,Callanwolde Arts Center,https://web.archive.org/web/20200522143106/https://www.artsgeorgia.net/directory/local-arts-agency-directory/,2020-05-22,"arts centre in Atlanta, Georgia, USA",,arts centre,https://web.archive.org/web/20200630191129/https://callanwolde.org/,2020-06-30,"980 Briarcliff Road NE, Atlanta, GA 30306",https://web.archive.org/web/20200630191129/https://callanwolde.org/,2020-06-30,Atlanta,https://web.archive.org/web/20200630191129/https://callanwolde.org/,2020-06-30,DeKalb County,https://www.mapdevelopers.com/what-county-am-i-in.php,2020-06-30,Georgia,https://web.archive.org/web/20200522142638/https://www.artsgeorgia.net/directory/georgia/,2020-05-22,United States of America,https://web.archive.org/web/20200522142638/https://www.artsgeorgia.net/directory/georgia/,2020-05-22,"33.781843, -84.345085","https://www.google.com/maps/place/Callanwolde+Fine+Arts+Center/@33.7818415,-84.3452218,21z",2020-06-30,+1-404-872-5338,https://web.archive.org/web/20200630191129/https://callanwolde.org/,2020-06-30,,,,https://callanwolde.org/,https://web.archive.org/web/20200630191129/https://callanwolde.org/,2020-06-30,,,,"","","",,,,,,,,,,,,,,,,"","",2020-08-20 CL
1641,Fulton County Arts and Culture,https://web.archive.org/web/20200522143106/https://www.artsgeorgia.net/directory/local-arts-agency-directory/,2020-05-22,"government agency in Atlanta, Georgia, USA",,government agency,https://web.archive.org/web/20200630191747/http://www.fultonarts.org/,2020-06-30,"141 Pryor Street SW, Suite 2030, Atlanta, GA 30303",https://web.archive.org/web/20200630193018/https://fultoncountyga.gov/inside-fulton-county/fulton-county-departments/arts-and-culture,2020-06-30,Atlanta,https://web.archive.org/web/20200630193018/https://fultoncountyga.gov/inside-fulton-county/fulton-county-departments/arts-and-culture,2020-06-30,Fulton County,https://www.mapdevelopers.com/what-county-am-i-in.php,2020-06-30,Georgia,https://web.archive.org/web/20200522142638/https://www.artsgeorgia.net/directory/georgia/,2020-05-22,United States of America,https://web.archive.org/web/20200522142638/https://www.artsgeorgia.net/directory/georgia/,2020-05-22,"33.751424, -84.391443","https://www.google.com/maps/place/141+Pryor+St+SW+%232030,+Atlanta,+GA+30303/@33.751422,-84.3915801,21z",2020-06-30,+1-404-612-5780,https://web.archive.org/web/20200630193018/https://fultoncountyga.gov/inside-fulton-county/fulton-county-departments/arts-and-culture,2020-06-30,,,,http://www.fultonarts.org/,https://web.archive.org/web/20200630191747/http://www.fultonarts.org/,2020-06-30,,,,"","","",,,,,,,,,,,,,,,,"","",2020-08-20 CL
1642,City of Atlanta Office of Cultural Affairs,https://web.archive.org/web/20200522143106/https://www.artsgeorgia.net/directory/local-arts-agency-directory/,2020-05-22,"government agency in Atlanta, Georgia, USA",,government agency,https://web.archive.org/web/20200630193524/https://www.ocaatlanta.com/,2020-06-30,"233 Peachtree Street NE, Harris Tower Suite 1700, Atlanta, GA 30303",https://web.archive.org/web/20200630193524/https://www.ocaatlanta.com/,2020-06-30,Atlanta,https://web.archive.org/web/20200630193524/https://www.ocaatlanta.com/,2020-06-30,Fulton County,https://www.mapdevelopers.com/what-county-am-i-in.php,2020-06-30,Georgia,https://web.archive.org/web/20200522142638/https://www.artsgeorgia.net/directory/georgia/,2020-05-22,United States of America,https://web.archive.org/web/20200522142638/https://www.artsgeorgia.net/directory/georgia/,2020-05-22,"33.760733, -84.386673","https://www.google.com/maps/place/233+Peachtree+St+NE+%231700,+Atlanta,+GA+30303/@33.7607402,-84.3867836,21z",2020-06-30,+1-404-546-6815,https://web.archive.org/web/20200630193524/https://www.ocaatlanta.com/,2020-06-30,,,,https://www.ocaatlanta.com/,https://web.archive.org/web/20200630193524/https://www.ocaatlanta.com/,2020-06-30,,,,"","","",,,,,,,,,,,,,,,,"","",2020-08-20 CL
,Blue Ridge Mountain Arts Association,https://web.archive.org/web/20200522143106/https://www.artsgeorgia.net/directory/local-arts-agency-directory/,2020-05-22,"not-for-profit arts organization in Blue Ridge, Georgia, USA",,not-for-profit arts organization,https://web.archive.org/web/20200630194526/https://www.blueridgearts.net/,2020-06-30,"420 West Main Street, Blue Ridge, GA 30513",https://web.archive.org/web/20200630194526/https://www.blueridgearts.net/,2020-06-30,Blue Ridge,https://web.archive.org/web/20200630194526/https://www.blueridgearts.net/,2020-06-30,Fannin County,https://www.mapdevelopers.com/what-county-am-i-in.php,2020-06-30,Georgia,https://web.archive.org/web/20200522142638/https://www.artsgeorgia.net/directory/georgia/,2020-05-22,United States of America,https://web.archive.org/web/20200522142638/https://www.artsgeorgia.net/directory/georgia/,2020-05-22,"34.863962, -84.327294","https://www.google.com/maps/place/420+W+Main+St,+Blue+Ridge,+GA+30513/@34.863959,-84.3294816,17z",2020-06-30,+1-706-632-2144,https://web.archive.org/web/20200630194526/https://www.blueridgearts.net/,2020-06-30,mailto:BlueRidgeArts@gmail.com,https://web.archive.org/web/20200630194526/https://www.blueridgearts.net/,2020-06-30,https://www.blueridgearts.net/,https://web.archive.org/web/20200630194526/https://www.blueridgearts.net/,2020-06-30,,,,"","","",,,,,,,,,,,,,,,,"","",2020-08-21 CL
,Saute Nachoochee Community Association,https://web.archive.org/web/20200522143106/https://www.artsgeorgia.net/directory/local-arts-agency-directory/,2020-05-22,"arts centre in Sautee Nacoochee, Georgia, USA",,arts centre,https://web.archive.org/web/20200630195638/https://www.snca.org/snc/home.php,2020-06-30,"283 Highway 255 North, Sautee Nacoochee, GA 30571",https://web.archive.org/web/20200630195638/https://www.snca.org/snc/home.php,2020-06-30,Sautee Nacoochee,https://web.archive.org/web/20200630195638/https://www.snca.org/snc/home.php,2020-06-30,White County,https://www.mapdevelopers.com/what-county-am-i-in.php,2020-06-30,Georgia,https://web.archive.org/web/20200522142638/https://www.artsgeorgia.net/directory/georgia/,2020-05-22,United States of America,https://web.archive.org/web/20200522142638/https://www.artsgeorgia.net/directory/georgia/,2020-05-22,"34.687573, -83.676162","https://www.google.com/maps/place/283+GA-255,+Sautee+Nacoochee,+GA+30571/@34.6875703,-83.6762986,21z",2020-06-30,+1-706-878-3300,https://web.archive.org/web/20200630195638/https://www.snca.org/snc/home.php,2020-06-30,,,,https://www.snca.org/snc/home.php,https://web.archive.org/web/20200630195638/https://www.snca.org/snc/home.php,2020-06-30,,,,"","","",,,,,,,460,https://web.archive.org/web/20200630195638/https://www.snca.org/snc/home.php,2020-06-30,30571,https://web.archive.org/web/20200630195638/https://www.snca.org/snc/home.php,2020-06-30,,,,"","",2020-08-21 CL
1645,Arts Council,https://web.archive.org/web/20200522143106/https://www.artsgeorgia.net/directory/local-arts-agency-directory/,2020-05-22,"not-for-profit arts organization in Gainesville, Georgia, USA",,not-for-profit arts organization,https://web.archive.org/web/20200630200926/https://theartscouncil.net/,2020-06-30,"331 Spring Street SW, Gainesville, GA 30501",https://web.archive.org/web/20200630200926/https://theartscouncil.net/,2020-06-30,Gainesville,https://web.archive.org/web/20200630200926/https://theartscouncil.net/,2020-06-30,Hall County,https://www.mapdevelopers.com/what-county-am-i-in.php,2020-06-30,Georgia,https://web.archive.org/web/20200522142638/https://www.artsgeorgia.net/directory/georgia/,2020-05-22,United States of America,https://web.archive.org/web/20200522142638/https://www.artsgeorgia.net/directory/georgia/,2020-05-22,"34.297837, -83.828615","https://www.google.com/maps/place/The+Arts+Council/@34.2978699,-83.8287529,21z",2020-06-30,+1-770-534-2787,https://web.archive.org/web/20200630200926/https://theartscouncil.net/,2020-06-30,mailto:info@theartscouncil.net,https://web.archive.org/web/20200630200926/https://theartscouncil.net/,2020-06-30,https://theartscouncil.net/,https://web.archive.org/web/20200630200926/https://theartscouncil.net/,2020-06-30,,,,"","","",,,,,,,,,,,,,,,,"","",2020-08-21 CL
1646,Creative Arts Guild,https://web.archive.org/web/20200522143106/https://www.artsgeorgia.net/directory/local-arts-agency-directory/,2020-05-22,"arts centre in Dalton, Georgia, USA",,arts centre,https://web.archive.org/web/20200630202458/http://www.creativeartsguild.org/,2020-06-30,"520 West Waugh Street, Dalton, GA 30720",https://web.archive.org/web/20200630202458/http://www.creativeartsguild.org/,2020-06-30,Dalton,https://web.archive.org/web/20200630202458/http://www.creativeartsguild.org/,2020-06-30,Whitfield County,https://www.mapdevelopers.com/what-county-am-i-in.php,2020-06-30,Georgia,https://web.archive.org/web/20200522142638/https://www.artsgeorgia.net/directory/georgia/,2020-05-22,United States of America,https://web.archive.org/web/20200522142638/https://www.artsgeorgia.net/directory/georgia/,2020-05-22,"34.776436, -84.977000","https://www.google.com/maps/place/Creative+Arts+Guild/@34.776436,-84.9771368,21z",2020-06-30,+1-706-278-0168,https://web.archive.org/web/20200630202458/http://www.creativeartsguild.org/,2020-06-30,,,,http://www.creativeartsguild.org/,https://web.archive.org/web/20200630202458/http://www.creativeartsguild.org/,2020-06-30,,,,"","","",,,,,,,,,,,,,,,,"","",2020-08-21 CL
1647,Cherokee Arts Center,https://web.archive.org/web/20200522143106/https://www.artsgeorgia.net/directory/local-arts-agency-directory/,2020-05-22,"arts centre in Canton, Georgia, USA",,arts centre,https://web.archive.org/web/20200630203315/http://cherokeearts.org/,2020-06-30,"94 North Street, Canton, GA 30114",https://web.archive.org/web/20200630203315/http://cherokeearts.org/,2020-06-30,Canton,https://web.archive.org/web/20200630203315/http://cherokeearts.org/,2020-06-30,Cherokee County,https://www.mapdevelopers.com/what-county-am-i-in.php,2020-06-30,Georgia,https://web.archive.org/web/20200522142638/https://www.artsgeorgia.net/directory/georgia/,2020-05-22,United States of America,https://web.archive.org/web/20200522142638/https://www.artsgeorgia.net/directory/georgia/,2020-05-22,"34.238532, -84.490304","https://www.google.com/maps/place/94+North+St,+Canton,+GA+30114/@34.238529,-84.490439,21z",2020-06-30,+1-770-704-6244,https://web.archive.org/web/20200630203315/http://cherokeearts.org/,2020-06-30,mailto:info@cherokeearts.org,https://web.archive.org/web/20200630203315/http://cherokeearts.org/,2020-06-30,http://cherokeearts.org/,https://web.archive.org/web/20200630203315/http://cherokeearts.org/,2020-06-30,,,,"","","",,,,,,,,,,,,,,,,"","",2020-08-21 CL
1648,Arts Clayton,https://web.archive.org/web/20200522143106/https://www.artsgeorgia.net/directory/local-arts-agency-directory/,2020-05-22,"arts centre in Jonesboro, Georgia, USA",,arts centre,https://web.archive.org/web/20200630203842/https://www.artsclayton.org/,2020-06-30,"136 South Main Street, Jonesboro, GA 30236",https://web.archive.org/web/20200630203842/https://www.artsclayton.org/,2020-06-30,Jonesboro,https://web.archive.org/web/20200630203842/https://www.artsclayton.org/,2020-06-30,Clayton County,https://www.mapdevelopers.com/what-county-am-i-in.php,2020-06-30,Georgia,https://web.archive.org/web/20200522142638/https://www.artsgeorgia.net/directory/georgia/,2020-05-22,United States of America,https://web.archive.org/web/20200522142638/https://www.artsgeorgia.net/directory/georgia/,2020-05-22,"33.520374, -84.354694","https://www.google.com/maps/place/Arts+Clayton+Gallery/@33.520358,-84.3552382,19z",2020-06-30,+1-770-473-5430,https://web.archive.org/web/20200630204140/https://www.artsclayton.org/contact,2020-06-30,,,,https://www.artsclayton.org/,https://web.archive.org/web/20200630203842/https://www.artsclayton.org/,2020-06-30,,,,"","","",,,,,,,,,,,,,,,,"","",2020-08-21 CL
1650,Athens Area Arts Council,https://web.archive.org/web/20200522143106/https://www.artsgeorgia.net/directory/local-arts-agency-directory/,2020-05-22,"not-for-profit arts organization in Athens, Georgia, USA",,not-for-profit arts organization,https://web.archive.org/web/20200630204859/https://athensarts.org/,2020-06-30,,,,Athens,https://web.archive.org/web/20200630204859/https://athensarts.org/,2020-06-30,Clarke County,https://www.mapdevelopers.com/what-county-am-i-in.php,2020-06-30,Georgia,https://web.archive.org/web/20200522142638/https://www.artsgeorgia.net/directory/georgia/,2020-05-22,United States of America,https://web.archive.org/web/20200522142638/https://www.artsgeorgia.net/directory/georgia/,2020-05-22,,,,,,,mailto:president@athensarts.org,https://web.archive.org/web/20200630205712/https://athensarts.org/about-us/contact/,2020-06-30,https://athensarts.org/,https://web.archive.org/web/20200630204859/https://athensarts.org/,2020-06-30,,,,"","","",,,,,,,122,https://web.archive.org/web/20200630204859/https://athensarts.org/,2020-06-30,30603,https://web.archive.org/web/20200630204859/https://athensarts.org/,2020-06-30,,,,"","",2020-08-21 CL
1651,Athens-Clarke County Leisure Services,https://web.archive.org/web/20200522143106/https://www.artsgeorgia.net/directory/local-arts-agency-directory/,2020-05-22,"government agency in Athens, Georgia, USA",,government agency,https://web.archive.org/web/20200630210255/https://athensclarkecounty.com/148/Leisure-Services,2020-06-30,"205 Old Commerce Road, Athens, GA 30607",https://web.archive.org/web/20200630210255/https://athensclarkecounty.com/148/Leisure-Services,2020-06-30,Athens,https://web.archive.org/web/20200630210255/https://athensclarkecounty.com/148/Leisure-Services,2020-06-30,Clarke County,https://www.mapdevelopers.com/what-county-am-i-in.php,2020-06-30,Georgia,https://web.archive.org/web/20200522142638/https://www.artsgeorgia.net/directory/georgia/,2020-05-22,United States of America,https://web.archive.org/web/20200522142638/https://www.artsgeorgia.net/directory/georgia/,2020-05-22,"33.986761, -83.382070","https://www.google.com/maps/place/Athens-Clarke+County+Leisure+Services+Department/@33.9871726,-83.3827866,19z",2020-06-30,+1-706-613-3800,https://web.archive.org/web/20200630210255/https://athensclarkecounty.com/148/Leisure-Services,2020-06-30,mailto:registration@accgov.com,https://web.archive.org/web/20200630210255/https://athensclarkecounty.com/148/Leisure-Services,2020-06-30,https://athensclarkecounty.com/148/Leisure-Services,https://web.archive.org/web/20200630210255/https://athensclarkecounty.com/148/Leisure-Services,2020-06-30,,,,"","","",,,,,,,,,,,,,,,,"","",2020-08-21 CL
1652,Greater Augusta Arts Council,https://web.archive.org/web/20200522143106/https://www.artsgeorgia.net/directory/local-arts-agency-directory/,2020-05-22,"not-for-profit arts organization in Augusta, Georgia, USA",,not-for-profit arts organization,https://web.archive.org/web/20200630210841/https://augustaarts.com/,2020-06-30,"1301 Greene Street, Augusta, GA 30904",https://web.archive.org/web/20200630210841/https://augustaarts.com/,2020-06-30,Augusta,https://web.archive.org/web/20200630210841/https://augustaarts.com/,2020-06-30,Richmond County,https://www.mapdevelopers.com/what-county-am-i-in.php,2020-06-30,Georgia,https://web.archive.org/web/20200522142638/https://www.artsgeorgia.net/directory/georgia/,2020-05-22,United States of America,https://web.archive.org/web/20200522142638/https://www.artsgeorgia.net/directory/georgia/,2020-05-22,"33.477410, -81.976452","https://www.google.com/maps/place/1301+Greene+St,+Augusta,+GA+30901/@33.4774572,-81.9765571,21z",2020-06-30,+1-706-826-4702,https://web.archive.org/web/20200630210841/https://augustaarts.com/,2020-06-30,mailto:info@augustaarts.com,https://web.archive.org/web/20200630210841/https://augustaarts.com/,2020-06-30,https://augustaarts.com/,https://web.archive.org/web/20200630210841/https://augustaarts.com/,2020-06-30,,,,"","","",,,,,,,,,,,,,,,,"","",2020-08-21 CL
1653,Macon Arts Alliance,https://web.archive.org/web/20200522143106/https://www.artsgeorgia.net/directory/local-arts-agency-directory/,2020-05-22,"not-for-profit arts organization in Macon, Georgia, USA",,not-for-profit arts organization,https://web.archive.org/web/20200701163735/https://www.maconartsalliance.org/,2020-07-01,"486 First Street, Macon, GA 31201",https://web.archive.org/web/20200701163735/https://www.maconartsalliance.org/,2020-07-01,Macon,https://web.archive.org/web/20200701163735/https://www.maconartsalliance.org/,2020-07-01,Bibb County,https://www.mapdevelopers.com/what-county-am-i-in.php,2020-07-01,Georgia,https://web.archive.org/web/20200522142638/https://www.artsgeorgia.net/directory/georgia/,2020-05-22,United States of America,https://web.archive.org/web/20200522142638/https://www.artsgeorgia.net/directory/georgia/,2020-05-22,"32.836338, -83.631180","https://www.google.com/maps/place/486+1st+St,+Macon,+GA+31201/@32.836336,-83.6313168,21z",2020-07-01,+1-478-743-6940,https://web.archive.org/web/20200701165852/https://www.maconartsalliance.org/about/,2020-07-01,,,,https://www.maconartsalliance.org/,https://web.archive.org/web/20200701163735/https://www.maconartsalliance.org/,2020-07-01,,,,"","","",,,,,,,,,,,,,,,,"","",2020-08-21 CL
1654,Columbus Cultural Arts Alliance,https://web.archive.org/web/20200522143106/https://www.artsgeorgia.net/directory/local-arts-agency-directory/,2020-05-22,"not-for-profit arts organization in Columbus, Georgia, USA",,not-for-profit arts organization,https://web.archive.org/web/20200701171743/https://visitcolumbusga.com/culturalarts/,2020-07-01,"900 Front Avenue, Columbus, GA 31901",https://web.archive.org/web/20200701172647/https://www.facebook.com/columbusculturalartsalliancega/,2020-07-01,Columbus,https://web.archive.org/web/20200701171743/https://visitcolumbusga.com/culturalarts/,2020-07-01,Muscogee County,https://www.mapdevelopers.com/what-county-am-i-in.php,2020-07-01,Georgia,https://web.archive.org/web/20200522142638/https://www.artsgeorgia.net/directory/georgia/,2020-05-22,United States of America,https://web.archive.org/web/20200522142638/https://www.artsgeorgia.net/directory/georgia/,2020-05-22,"32.463096, -84.994308","https://www.google.com/maps/place/900+Front+Ave,+Columbus,+GA+31901/@32.4630947,-84.9944448,21z",2020-07-01,,,,,,,https://visitcolumbusga.com/culturalarts/,https://web.archive.org/web/20200701171743/https://visitcolumbusga.com/culturalarts/,2020-07-01,,,,"","","",,,,,,,,,,,,,columbusculturalartsalliancega,https://web.archive.org/web/20200701172647/https://www.facebook.com/columbusculturalartsalliancega/,2020-07-01,"","",2020-08-21 CL
1655,ABAC Arts Connection,https://web.archive.org/web/20200522143106/https://www.artsgeorgia.net/directory/local-arts-agency-directory/,2020-05-22,"not-for-profit arts organization in Tifton, Georgia, USA",,not-for-profit arts organization,https://web.archive.org/web/20200701175040/https://www.artsatabac.com/,2020-07-01,"ABAC 45, 2802 Moore Highway, Tifton, GA 31793",https://web.archive.org/web/20200701175040/https://www.artsatabac.com/,2020-07-01,Tifton,https://web.archive.org/web/20200701175040/https://www.artsatabac.com/,2020-07-01,Tift County,https://www.mapdevelopers.com/what-county-am-i-in.php,2020-07-01,Georgia,https://web.archive.org/web/20200522142638/https://www.artsgeorgia.net/directory/georgia/,2020-05-22,United States of America,https://web.archive.org/web/20200522142638/https://www.artsgeorgia.net/directory/georgia/,2020-05-22,"31.481946, -83.528439","https://www.google.com/maps/place/2802+Moore+Hwy,+Tifton,+GA+31793/@31.4819694,-83.5283956,21z",2020-07-01,+1-229-391-4895,https://web.archive.org/web/20200701175040/https://www.artsatabac.com/,2020-07-01,mailto:wpjones@abac.edu,https://web.archive.org/web/20200701175040/https://www.artsatabac.com/,2020-07-01,https://www.artsatabac.com/,https://web.archive.org/web/20200701175040/https://www.artsatabac.com/,2020-07-01,,,,"","","",,,,,,,,,,,,,,,,"","",2020-08-21 CL
1656,Tifton-Tift County Arts Council,https://web.archive.org/web/20200522143106/https://www.artsgeorgia.net/directory/local-arts-agency-directory/,2020-05-22,"government agency in Athens, Georgia, USA",,government agency,https://web.archive.org/web/20200701183054/https://www.georgia-register.com/J709460-tifton-tift-county-arts-council-inc,2020-07-01,,,,Tifton,https://web.archive.org/web/20200701183054/https://www.georgia-register.com/J709460-tifton-tift-county-arts-council-inc,2020-07-01,Tift County,https://www.mapdevelopers.com/what-county-am-i-in.php,2020-07-01,Georgia,https://web.archive.org/web/20200522142638/https://www.artsgeorgia.net/directory/georgia/,2020-05-22,United States of America,https://web.archive.org/web/20200522142638/https://www.artsgeorgia.net/directory/georgia/,2020-05-22,,,,,,,,,,,,,1987,https://web.archive.org/web/20200701183054/https://www.georgia-register.com/J709460-tifton-tift-county-arts-council-inc,2020-07-01,"2011","https://web.archive.org/web/20200701183054/https://www.georgia-register.com/J709460-tifton-tift-county-arts-council-inc","2020-07-01",,,,,,,,,,,,,,,,"","",2020-08-21 CL
1658,Golden Isles Arts and Humanities Association,https://web.archive.org/web/20200522143106/https://www.artsgeorgia.net/directory/local-arts-agency-directory/,2020-05-22,"not-for-profit arts organization in Brunswick, Georgia, USA",,not-for-profit arts organization,https://web.archive.org/web/20200701183958/https://goldenislesarts.org/,2020-07-01,"1530 Newcastle Street, Brunswick, GA 31520",https://web.archive.org/web/20200701190011/https://goldenislesarts.org/contact/,2020-07-01,Brunswick,https://web.archive.org/web/20200701190011/https://goldenislesarts.org/contact/,2020-07-01,Glynn County,https://www.mapdevelopers.com/what-county-am-i-in.php,2020-07-01,Georgia,https://web.archive.org/web/20200522142638/https://www.artsgeorgia.net/directory/georgia/,2020-05-22,United States of America,https://web.archive.org/web/20200522142638/https://www.artsgeorgia.net/directory/georgia/,2020-05-22,"31.150350, -81.495530","https://www.google.com/maps/place/Golden+Isles+Arts+%26+Humanities+Assoc+The/@31.1503474,-81.4956657,21z",2020-07-01,,,,,,,https://goldenislesarts.org/,https://web.archive.org/web/20200701183958/https://goldenislesarts.org/,2020-07-01,,,,"","","",,,,,,,,,,,,,,,,"","",2020-08-21 CL
1659,Glynn Visual Arts,https://web.archive.org/web/20200522143106/https://www.artsgeorgia.net/directory/local-arts-agency-directory/,2020-05-22,"not-for-profit arts organization in St Simons Island, Georgia, USA",Glynn Art Association,not-for-profit arts organization,https://web.archive.org/web/20200701190942/https://glynnvisualarts.org/,2020-07-01,"106 Island Drive, St Simons Island, GA 31522",https://web.archive.org/web/20200701190942/https://glynnvisualarts.org/,2020-07-01,St Simons,https://web.archive.org/web/20200701190942/https://glynnvisualarts.org/,2020-07-01,Glynn County,https://www.mapdevelopers.com/what-county-am-i-in.php,2020-07-01,Georgia,https://web.archive.org/web/20200522142638/https://www.artsgeorgia.net/directory/georgia/,2020-05-22,United States of America,https://web.archive.org/web/20200522142638/https://www.artsgeorgia.net/directory/georgia/,2020-05-22,"31.146793, -81.385234","https://www.google.com/maps/place/Glynn+Visual+Arts+Center/@31.1466988,-81.385378,21z",2020-07-01,+1-912-638-8770,https://web.archive.org/web/20200701190942/https://glynnvisualarts.org/,2020-07-01,,,,https://glynnvisualarts.org/,https://web.archive.org/web/20200701190942/https://glynnvisualarts.org/,2020-07-01,,,,"","","",,,,,,,,,,,,,,,,"","",2020-08-21 CL
1660,Savannah Cultural Arts Center,https://web.archive.org/web/20200522143106/https://www.artsgeorgia.net/directory/local-arts-agency-directory/,2020-05-22,"arts centre in Savannah, Georgia, USA",,arts centre,https://web.archive.org/web/20200701191833/http://www.savannahga.gov/500/Cultural-Resources,2020-07-01,"201 Montgomery Street, Savannah, GA 31401",https://web.archive.org/web/20200701191833/http://www.savannahga.gov/500/Cultural-Resources,2020-07-01,Savannah,https://web.archive.org/web/20200701191833/http://www.savannahga.gov/500/Cultural-Resources,2020-07-01,Chatham County,https://www.mapdevelopers.com/what-county-am-i-in.php,2020-07-01,Georgia,https://web.archive.org/web/20200522142638/https://www.artsgeorgia.net/directory/georgia/,2020-05-22,United States of America,https://web.archive.org/web/20200522142638/https://www.artsgeorgia.net/directory/georgia/,2020-05-22,"32.077804, -81.097877","https://www.google.com/maps/place/Savannah+Cultural+Arts+Center/@32.077795,-81.097874,13z",2020-07-01,+1-912-651-6783,https://web.archive.org/web/20200701191833/http://www.savannahga.gov/500/Cultural-Resources,2020-07-01,,,,http://www.savannahga.gov/500/Cultural-Resources,https://web.archive.org/web/20200701191833/http://www.savannahga.gov/500/Cultural-Resources,2020-07-01,,,,"","","",,,,,,,,,,,,,,,,"","",2020-08-21 CL
1661,"Colquitt Miller Arts Council ",https://web.archive.org/web/20200522143106/https://www.artsgeorgia.net/directory/local-arts-agency-directory/,2020-05-22,"not-for-profit arts organization in Colquitt, Georgia, USA",,not-for-profit arts organization,https://web.archive.org/web/20200701195015/https://swampgravy.com/the-arts-council-2/,2020-07-01,"158 East Main Street, Colquitt, GA 39837",https://web.archive.org/web/20200701195015/https://swampgravy.com/the-arts-council-2/,2020-07-01,Colquitt,https://web.archive.org/web/20200701195015/https://swampgravy.com/the-arts-council-2/,2020-07-01,Miller County,https://www.mapdevelopers.com/what-county-am-i-in.php,2020-07-01,Georgia,https://web.archive.org/web/20200522142638/https://www.artsgeorgia.net/directory/georgia/,2020-05-22,United States of America,https://web.archive.org/web/20200522142638/https://www.artsgeorgia.net/directory/georgia/,2020-05-22,"31.172213, -84.732441","https://www.google.com/maps/place/Colquitt+Miller+Arts+Council/@31.172421,-84.7326176,20z",2020-07-01,+1-229-758-5450,https://web.archive.org/web/20200701195015/https://swampgravy.com/the-arts-council-2/,2020-07-01,,,,https://swampgravy.com/the-arts-council-2/,https://web.archive.org/web/20200701195015/https://swampgravy.com/the-arts-council-2/,2020-07-01,,,,"","","",,,,,,,567,https://web.archive.org/web/20200701195015/https://swampgravy.com/the-arts-council-2/,2020-07-01,39837,https://web.archive.org/web/20200701195015/https://swampgravy.com/the-arts-council-2/,2020-07-01,,,,"","",2020-08-21 CL
,"Roselawn Museum  ",https://web.archive.org/web/20200522144041/https://www.artsgeorgia.net/directory/ga-museums-directory/,2020-05-22,"museum in Cartersville, Georgia, USA",,museum,https://web.archive.org/web/20200701202058/http://www.roselawnmuseum.com/,2020-07-01,"224 West Cherokee Avenue, Cartersville, GA 30120",https://web.archive.org/web/20200701202058/http://www.roselawnmuseum.com/,2020-07-01,Cartersville,https://web.archive.org/web/20200701202058/http://www.roselawnmuseum.com/,2020-07-01,Bartow County,https://www.mapdevelopers.com/what-county-am-i-in.php,2020-07-01,Georgia,https://web.archive.org/web/20200522142638/https://www.artsgeorgia.net/directory/georgia/,2020-05-22,United States of America,https://web.archive.org/web/20200522142638/https://www.artsgeorgia.net/directory/georgia/,2020-05-22,"34.165015, -84.802666","https://www.google.com/maps/place/Rose+Lawn+Museum/@34.1649975,-84.8028669,21z",2020-07-01,+1-770-387-5162,https://web.archive.org/web/20200701202058/http://www.roselawnmuseum.com/,2020-07-01,mailto:roselawnga@comcast.net,https://web.archive.org/web/20200701202058/http://www.roselawnmuseum.com/,2020-07-01,http://www.roselawnmuseum.com/,https://web.archive.org/web/20200701202058/http://www.roselawnmuseum.com/,2020-07-01,,,,"","","",,,,,,,,,,,,,,,,"","",2020-08-21 CL
1665,"Avery Gallery  ",https://web.archive.org/web/20200522144041/https://www.artsgeorgia.net/directory/ga-museums-directory/,2020-05-22,"art gallery in Marietta, Georgia, USA",,art gallery,https://web.archive.org/web/20200701202553/https://www.averygallery.com/,2020-07-01,"390 Roswell Street, Marietta, GA 30060",https://web.archive.org/web/20200701202737/https://www.averygallery.com/contact,2020-07-01,Marietta,https://web.archive.org/web/20200701202737/https://www.averygallery.com/contact,2020-07-01,Cobb County,https://www.mapdevelopers.com/what-county-am-i-in.php,2020-07-01,Georgia,https://web.archive.org/web/20200522142638/https://www.artsgeorgia.net/directory/georgia/,2020-05-22,United States of America,https://web.archive.org/web/20200522142638/https://www.artsgeorgia.net/directory/georgia/,2020-05-22,"33.950139, -84.540999","https://www.google.com/maps/place/Avery+Gallery/@33.949859,-84.5412083,20z",2020-07-01,+1-770-427-2459,https://web.archive.org/web/20200701202737/https://www.averygallery.com/contact,2020-07-01,mailto:info@averygallery.com,https://web.archive.org/web/20200701202737/https://www.averygallery.com/contact,2020-07-01,https://www.averygallery.com/,https://web.archive.org/web/20200701202553/https://www.averygallery.com/,2020-07-01,,,,"","","",,,,,,,,,,,,,,,,"","",2020-08-21 CL
1666,"Elements Art Gallery  ",https://web.archive.org/web/20200522144041/https://www.artsgeorgia.net/directory/ga-museums-directory/,2020-05-22,,,,,,,,,,,,,,,,,,,,,,,,,,,,,,,,,,,,"","","",,,,,,,,,,,,,,,,"Cannot locate information on record","",2020-08-21 CL
1667,"Coca Cola Space Science Center  ",https://web.archive.org/web/20200522144041/https://www.artsgeorgia.net/directory/ga-museums-directory/,2020-05-22,"science center in Columbus, Georgia, USA",,science center,https://web.archive.org/web/20200702152838/https://www.ccssc.org/,2020-07-02,"701 Front Avenue, Columbus, GA 31901",https://web.archive.org/web/20200702152838/https://www.ccssc.org/,2020-07-02,Columbus,https://web.archive.org/web/20200702152838/https://www.ccssc.org/,2020-07-02,Muscogee County,https://www.mapdevelopers.com/what-county-am-i-in.php,2020-07-02,Georgia,https://web.archive.org/web/20200522142638/https://www.artsgeorgia.net/directory/georgia/,2020-05-22,United States of America,https://web.archive.org/web/20200522142638/https://www.artsgeorgia.net/directory/georgia/,2020-05-22,"32.459841, -84.995260","https://www.google.com/maps/place/Coca-Cola+Space+Science+Center/@32.4599147,-84.9954603,21z",2020-07-02,+1-706-649-1477,https://web.archive.org/web/20200702152838/https://www.ccssc.org/,2020-07-02,mailto:info@ccssc.org,https://web.archive.org/web/20200702152838/https://www.ccssc.org/,2020-07-02,https://www.ccssc.org/,https://web.archive.org/web/20200702152838/https://www.ccssc.org/,2020-07-02,,,,"","","",,,,,,,,,,,,,,,,"","",2020-08-21 CL
1669,"Georgia Sports Hall of Fame and Museum  ",https://web.archive.org/web/20200522144041/https://www.artsgeorgia.net/directory/ga-museums-directory/,2020-05-22,"museum in Macon, Georgia, USA",,museum,https://web.archive.org/web/20200702162248/http://georgiasportshalloffame.com/site/,2020-07-02,"301 Cherry Street, Macon, GA 31201",https://web.archive.org/web/20200702163206/http://georgiasportshalloffame.com/site/contacts/,2020-07-02,Macon,https://web.archive.org/web/20200702162248/http://georgiasportshalloffame.com/site/,2020-07-02,Bibb County,https://www.mapdevelopers.com/what-county-am-i-in.php,2020-07-02,Georgia,https://web.archive.org/web/20200522142638/https://www.artsgeorgia.net/directory/georgia/,2020-05-22,United States of America,https://web.archive.org/web/20200522142638/https://www.artsgeorgia.net/directory/georgia/,2020-05-22,"32.834539, -83.624685","https://www.google.com/maps/place/Georgia+Sports+Hall+of+Fame/@32.8345274,-83.6252292,19z",2020-07-02,+1-478-752-5448,https://web.archive.org/web/20200702163206/http://georgiasportshalloffame.com/site/contacts/,2020-07-02,mailto:jimm@gshf.org,https://web.archive.org/web/20200702163206/http://georgiasportshalloffame.com/site/contacts/,2020-07-02,http://georgiasportshalloffame.com/site/,https://web.archive.org/web/20200702162248/http://georgiasportshalloffame.com/site/,2020-07-02,,,,"","","",,,,,,,,,,,,,,,,"","",2020-08-21 CL
1671,"National Science Center's Fort Discovery ",https://web.archive.org/web/20200522144041/https://www.artsgeorgia.net/directory/ga-museums-directory/,2020-05-22,"science center in Augusta, Georgia, USA",,science center,https://web.archive.org/web/20200702170623/http://nscdiscovery.org/,2020-07-02,"17th Street, Augusta, GA 30901",https://web.archive.org/web/20200702170623/http://nscdiscovery.org/,2020-07-02,Augusta,https://web.archive.org/web/20200702170623/http://nscdiscovery.org/,2020-07-02,Richmond County,https://www.mapdevelopers.com/what-county-am-i-in.php,2020-07-02,Georgia,https://web.archive.org/web/20200522142638/https://www.artsgeorgia.net/directory/georgia/,2020-05-22,United States of America,https://web.archive.org/web/20200522142638/https://www.artsgeorgia.net/directory/georgia/,2020-05-22,"33.476874, -81.962176","https://www.google.com/maps/place/National+Science+Center/@33.4768623,-81.9623077,21z",2020-07-02,+1-855-719-0833,https://web.archive.org/web/20200702170623/http://nscdiscovery.org/,2020-07-02,mailto:Webmaster@nscdiscovery.org,https://web.archive.org/web/20200702170623/http://nscdiscovery.org/,2020-07-02,http://nscdiscovery.org/,https://web.archive.org/web/20200702170623/http://nscdiscovery.org/,2020-07-02,,,,"","","",,,,,,,,,,,,,,,,"","",2020-08-21 CL
1675,"Gallery RFD   ",https://web.archive.org/web/20200522144041/https://www.artsgeorgia.net/directory/ga-museums-directory/,2020-05-22,"art gallery in Swainsboro, Georgia, USA",,art gallery,https://web.archive.org/web/20200522144041/https://www.artsgeorgia.net/directory/ga-museums-directory/,2020-05-22,,,,Swainsboro,https://web.archive.org/web/20200522142638/https://www.artsgeorgia.net/directory/georgia/,2020-05-22,Emanuel County,https://www.mapdevelopers.com/what-county-am-i-in.php,2020-07-02,Georgia,https://web.archive.org/web/20200522142638/https://www.artsgeorgia.net/directory/georgia/,2020-05-22,United States of America,https://web.archive.org/web/20200522142638/https://www.artsgeorgia.net/directory/georgia/,2020-05-22,,,,,,,,,,,,,2006,https://web.archive.org/web/20200702174600/http://bryanghiloni.com/html/text_section.php?active_btn=4&order_num=1&sub_type=single&sec_id=47&text_id=1,2020-07-02,"2009","https://web.archive.org/web/20200702174600/http://bryanghiloni.com/html/text_section.php?active_btn=4&order_num=1&sub_type=single&sec_id=47&text_id=1","2020-07-02",,,,,,,,,,,,,,,,"","",2020-08-21 CL
,"Ralph Mark Gilbert Civil Rights Museum  ",https://web.archive.org/web/20200522144041/https://www.artsgeorgia.net/directory/ga-museums-directory/,2020-05-22,"museum in Georgia, USA",,museum,https://web.archive.org/web/20200702174929/http://rmgilbertcivilrightsmuseum.com/,2020-07-02,"460 Martin Luther King Jr. Boulevard, Savannah, GA 31401",https://web.archive.org/web/20200702174929/http://rmgilbertcivilrightsmuseum.com/,2020-07-02,Savannah,https://web.archive.org/web/20200702174929/http://rmgilbertcivilrightsmuseum.com/,2020-07-02,Chatham County,https://www.mapdevelopers.com/what-county-am-i-in.php,2020-07-02,Georgia,https://web.archive.org/web/20200522142638/https://www.artsgeorgia.net/directory/georgia/,2020-05-22,United States of America,https://web.archive.org/web/20200522142638/https://www.artsgeorgia.net/directory/georgia/,2020-05-22,"32.072107, -81.100132","https://www.google.com/maps/place/Ralph+Mark+Gilbert+Civil+Rights+Museum/@32.0720994,-81.1023176,17z",2020-07-02,+1-912-777-6099,https://web.archive.org/web/20200702174929/http://rmgilbertcivilrightsmuseum.com/,2020-07-02,mailto:vaughnettegoode-walker@ralphmarkgilbertcivilrightsmuseum.org,https://web.archive.org/web/20200702174929/http://rmgilbertcivilrightsmuseum.com/,2020-07-02,http://rmgilbertcivilrightsmuseum.com/,https://web.archive.org/web/20200702174929/http://rmgilbertcivilrightsmuseum.com/,2020-07-02,,,,"","","",,,,,,,,,,,,,,,,"","",2020-08-21 CL