Code,organization_label (en),REF URL organization_label (en),RET DAT organization_label (en),description (en),alias (en),instance of (P31),REF URL instance of (P31),RET DAT instance of (P31),located at street address (P6375),REF URL located at street address (P6375),RET DAT located at street address (P6375),city (P131),REF URL city (P131),RET DAT city (P131),county (P131),REF URL county (P131),RET DAT county (P131),state (P131),REF URL state (P131),RET DAT state (P131),country (P17),REF URL country (P17),RET DAT country (P17),coordinate location (P625),REF URL coordinate location (P625),RET DAT coordinate location (P625),phone number (P1329),REF URL phone number (P1329),RET DAT phone number (P1329),email address (P968),REF URL email address (P968),RET DAT email address (P968),official website (P856),REF URL official website (P856),RET DAT official website (P856),inception (P571),REF URL inception (P571),RET DAT inception (P571),"dissolved, abolished or demolished (P576)","REF URL dissolved, abolished or demolished (P576)","RET DAT dissolved, abolished or demolished (P576)",parent organization (P749),REF URL parent organization (P749),RET DAT parent organization (P749),subsidiaries (P355),REF URL subsidiaries (P355),RET DAT subsidiaries (P355),PO Box (P2918),REF URL PO Box (P2918),RET DAT PO Box (P2918),Postal Code (P281),REF URL Postal Code (P281),RET DAT Postal Code (P281),Facebook ID (P2013),REF URL Facebook ID (P2013),RET DAT Facebook ID (P2013)," Source Notes"," Internal Notes",QC
959,"Albany Technical College Anthony O. Parker, Ph.D. Library/Media Center",http://web.archive.org/web/20200327193652/https://www.albanytech.edu/campus-life/library-media-services,2020-03-27,"academic library at Albany Technical College, Albany, Georgia, USA",,library,http://web.archive.org/web/20200327193652/https://www.albanytech.edu/campus-life/library-media-services,2020-03-27,"1704 South Slappey Boulevard, Albany, GA 31701",http://web.archive.org/web/20200327202605/https://www.albanytech.edu/about/visiting-atc/contact-us,2020-03-27,Albany,http://web.archive.org/web/20200327202605/https://www.albanytech.edu/about/visiting-atc/contact-us,2020-03-27,Dougherty,https://geocoder.maplarge.com/Geocoder,2020-03-27,Georgia,http://web.archive.org/web/20200327202605/https://www.albanytech.edu/about/visiting-atc/contact-us,2020-03-27,United States,http://web.archive.org/web/20200327202605/https://www.albanytech.edu/about/visiting-atc/contact-us,2020-03-27,"31.555789, -84.174224",https://geocoder.maplarge.com/Geocoder,2020-04-02,+1-229-430-1745,http://web.archive.org/web/20200327202605/https://www.albanytech.edu/about/visiting-atc/contact-us,2020-03-27,mailto:rcalhoun@albanytech.edu,http://web.archive.org/web/20200327193652/https://www.albanytech.edu/campus-life/library-media-services,2020-03-27,https://www.albanytech.edu/campus-life/library-media-services,http://web.archive.org/web/20200327193652/https://www.albanytech.edu/campus-life/library-media-services,2020-03-27,,,,"","","",,,,,,,,,,,,,,,,"","",
1017,Atlanta Technical College Library,http://web.archive.org/web/20200330142833/https://atlantatech.edu/student-services/college-and-community-resources/library/,2020-03-27,"academic library at Atlanta Technical College, Atlanta, Georgia, USA",,"library ",http://web.archive.org/web/20200330142833/https://atlantatech.edu/student-services/college-and-community-resources/library/,2020-03-30,"1560 Metropolitan Parkway Southwest, Atlanta, GA 30310-4446",http://web.archive.org/web/20200330142833/https://atlantatech.edu/student-services/college-and-community-resources/library/,2020-04-01,Atlanta,http://web.archive.org/web/20200330142833/https://atlantatech.edu/student-services/college-and-community-resources/library/,2020-04-01,Fulton,https://geocoder.maplarge.com/Geocoder,2020-04-01,Georgia,http://web.archive.org/web/20200330142833/https://atlantatech.edu/student-services/college-and-community-resources/library/,2020-03-31,United States,http://web.archive.org/web/20200330142833/https://atlantatech.edu/student-services/college-and-community-resources/library/,2020-04-01,"33.71211,-84.404507",https://geocoder.maplarge.com/Geocoder,2020-04-02,+1-404-225-4595,http://web.archive.org/web/20200330142833/https://atlantatech.edu/student-services/college-and-community-resources/library/,2020-04-01,mailto:library@atlantatech.edu,http://web.archive.org/web/20200330142833/https://atlantatech.edu/student-services/college-and-community-resources/library/,2020-04-01,https://atlantatech.edu/student-services/campus-resources/library/,http://web.archive.org/web/20200330142833/https://atlantatech.edu/student-services/college-and-community-resources/library/,2020-04-01,,,,"","","",,,,,,,,,,,,,,,,"","",
1058,Augusta Technical College Library,http://web.archive.org/web/20200330142928/https://www.augustatech.edu/community-and-business/library.cms,2020-03-27,"academic library at Augusta Technical College, Augusta, Georgia, USA",,library,http://web.archive.org/web/20200330142928/https://www.augustatech.edu/community-and-business/library.cms,2020-03-30,"3200 Augusta Tech Drive, Augusta, GA 30906",http://web.archive.org/web/20200330142928/https://www.augustatech.edu/community-and-business/library.cms,2020-04-01,Augusta,http://web.archive.org/web/20200330142928/https://www.augustatech.edu/community-and-business/library.cms,2020-04-01,Richmond,https://geocoder.maplarge.com/Geocoder,2020-04-01,Georgia,http://web.archive.org/web/20200330142928/https://www.augustatech.edu/community-and-business/library.cms,2020-03-31,United States,http://web.archive.org/web/20200330142928/https://www.augustatech.edu/community-and-business/library.cms,2020-04-01,"33.418555,-82.04574",https://geocoder.maplarge.com/Geocoder,2020-04-02,+1-706-771-4000,http://web.archive.org/web/20200330142928/https://www.augustatech.edu/community-and-business/library.cms,2020-04-01,,,,https://www.augustatech.edu/community-and-business/library.cms,http://web.archive.org/web/20200330142928/https://www.augustatech.edu/community-and-business/library.cms,2020-04-01,,,,"","","",,,,,,,,,,,,,,,,"","",
1060,Central Georgia Technical College Library,http://web.archive.org/web/20200330143022/https://www.centralgatech.edu/library,2020-03-27,"academic library at Central Georgia Technical College, Warner Robins, Georgia, USA",,library,http://web.archive.org/web/20200330143022/https://www.centralgatech.edu/library,2020-03-30,"80 Cohen Walker Drive, A Building, Room 108, Warner Robins, GA 31088",http://web.archive.org/web/20200330143022/https://www.centralgatech.edu/library,2020-04-01,Warner Robins,http://web.archive.org/web/20200330143022/https://www.centralgatech.edu/library,2020-04-01,Houston,https://geocoder.maplarge.com/Geocoder,2020-04-01,Georgia,http://web.archive.org/web/20200330143022/https://www.centralgatech.edu/library,2020-03-31,United States,http://web.archive.org/web/20200330143022/https://www.centralgatech.edu/library,2020-04-01,"32.580403,-83.653003",https://geocoder.maplarge.com/Geocoder,2020-04-02,+1-478-988-6863,http://web.archive.org/web/20200330143022/https://www.centralgatech.edu/library,2020-04-01,mailto:library@centralgatech.edu,http://web.archive.org/web/20200330143022/https://www.centralgatech.edu/library,2020-04-01,https://www.centralgatech.edu/library,http://web.archive.org/web/20200330143022/https://www.centralgatech.edu/library,2020-04-01,,,,"","","",,,,,,,,,,,,,,,,"","",
1153,Chattahoochee Technical College Marietta Library,http://web.archive.org/web/20200330143153/https://www.chattahoocheetech.edu/library/,2020-03-27,"academic library at Chattahoochee Technical College, Marietta, Georgia, USA",Marietta Library,library,http://web.archive.org/web/20200330143153/https://www.chattahoocheetech.edu/library/,2020-03-30,"980 South Cobb Drive, Marietta, GA 30060",http://web.archive.org/web/20200330143153/https://www.chattahoocheetech.edu/library/,2020-04-01,Marietta,http://web.archive.org/web/20200330143153/https://www.chattahoocheetech.edu/library/,2020-04-01,Cobb,https://geocoder.maplarge.com/Geocoder,2020-04-01,Georgia,http://web.archive.org/web/20200330143153/https://www.chattahoocheetech.edu/library/,2020-03-31,United States,http://web.archive.org/web/20200330143153/https://www.chattahoocheetech.edu/library/,2020-04-01,"33.928818,-84.551169",https://geocoder.maplarge.com/Geocoder,2020-04-02,+1-770-528-4545,http://web.archive.org/web/20200330143153/https://www.chattahoocheetech.edu/library/,2020-04-01,,,,https://www.chattahoocheetech.edu/library/,http://web.archive.org/web/20200330143153/https://www.chattahoocheetech.edu/library/,2020-04-01,,,,"","","",,,,,,,,,,,,,,,,"","",
1242,Chattahoochee Technical College Jasper Library,http://web.archive.org/web/20200330143153/https://www.chattahoocheetech.edu/library/,2020-03-27,"academic library at Chattahoochee Technical College, Jasper, Georgia, USA",Appalachian Library,library,http://web.archive.org/web/20200330143153/https://www.chattahoocheetech.edu/library/,2020-03-30,"100 Campus Drive, Jasper, GA 30143",http://web.archive.org/web/20200330143153/https://www.chattahoocheetech.edu/library/,2020-04-01,Jasper,http://web.archive.org/web/20200330143153/https://www.chattahoocheetech.edu/library/,2020-04-01,Pickens,https://geocoder.maplarge.com/Geocoder,2020-04-01,Georgia,http://web.archive.org/web/20200330143153/https://www.chattahoocheetech.edu/library/,2020-03-31,United States,http://web.archive.org/web/20200330143153/https://www.chattahoocheetech.edu/library/,2020-04-01,"34.474189,-84.426321",https://geocoder.maplarge.com/Geocoder,2020-04-02,+1-770-528-4545,http://web.archive.org/web/20200330143153/https://www.chattahoocheetech.edu/library/,2020-04-01,,,,https://www.chattahoocheetech.edu/library/,http://web.archive.org/web/20200330143153/https://www.chattahoocheetech.edu/library/,2020-04-01,,,,"","","",,,,,,,,,,,,,,,,"","",
1243,Chattahoochee Technical College Canton Library,http://web.archive.org/web/20200330143153/https://www.chattahoocheetech.edu/library/,2020-03-27,"academic library at Chattahoochee Technical College, Canton, Georgia, USA",Canton Library,library,http://web.archive.org/web/20200330143153/https://www.chattahoocheetech.edu/library/,2020-03-30,"1645 Bluffs Parkway, Canton, GA 30114",http://web.archive.org/web/20200330143153/https://www.chattahoocheetech.edu/library/,2020-04-01,Canton,http://web.archive.org/web/20200330143153/https://www.chattahoocheetech.edu/library/,2020-04-01,"Cherokee ",https://geocoder.maplarge.com/Geocoder,2020-04-01,Georgia,http://web.archive.org/web/20200330143153/https://www.chattahoocheetech.edu/library/,2020-03-31,United States,http://web.archive.org/web/20200330143153/https://www.chattahoocheetech.edu/library/,2020-04-01,"34.288193,-84.465618",https://geocoder.maplarge.com/Geocoder,2020-04-02,+1-770-528-4545,http://web.archive.org/web/20200330143153/https://www.chattahoocheetech.edu/library/,2020-04-01,,,,https://www.chattahoocheetech.edu/library/,http://web.archive.org/web/20200330143153/https://www.chattahoocheetech.edu/library/,2020-04-01,,,,"","","",,,,,,,,,,,,,,,,"","",
1244,Chattahoochee Technical College Mountain View Library,http://web.archive.org/web/20200330143153/https://www.chattahoocheetech.edu/library/,2020-03-27,"academic library at Chattahoochee Technical College, Marietta, Georgia, USA",Mountain View Library,library,http://web.archive.org/web/20200330143153/https://www.chattahoocheetech.edu/library/,2020-03-30,"2680 Gordy Parkway, Marietta, GA 30066",http://web.archive.org/web/20200330143153/https://www.chattahoocheetech.edu/library/,2020-04-01,Marietta,http://web.archive.org/web/20200330143153/https://www.chattahoocheetech.edu/library/,2020-04-01,Cobb,https://geocoder.maplarge.com/Geocoder,2020-04-01,Georgia,http://web.archive.org/web/20200330143153/https://www.chattahoocheetech.edu/library/,2020-03-31,United States,http://web.archive.org/web/20200330143153/https://www.chattahoocheetech.edu/library/,2020-04-01,"34.032986,-84.467291",https://geocoder.maplarge.com/Geocoder,2020-04-02,+1-770-528-4545,http://web.archive.org/web/20200330143153/https://www.chattahoocheetech.edu/library/,2020-04-01,,,,https://www.chattahoocheetech.edu/library/,http://web.archive.org/web/20200330143153/https://www.chattahoocheetech.edu/library/,2020-04-01,,,,"","","",,,,,,,,,,,,,,,,"","",
1245,Chattahoochee Technical College North Metro Library,http://web.archive.org/web/20200330143153/https://www.chattahoocheetech.edu/library/,2020-03-27,"academic library at Chattahoochee Technical College, Acworth, Georgia, USA",North Metro Library,library,http://web.archive.org/web/20200330143153/https://www.chattahoocheetech.edu/library/,2020-03-30,"5198 Ross Road, Acworth, GA 30102",http://web.archive.org/web/20200330143153/https://www.chattahoocheetech.edu/library/,2020-04-01,Acworth,http://web.archive.org/web/20200330143153/https://www.chattahoocheetech.edu/library/,2020-04-01,Cherokee,https://geocoder.maplarge.com/Geocoder,2020-04-01,Georgia,http://web.archive.org/web/20200330143153/https://www.chattahoocheetech.edu/library/,2020-03-31,United States,http://web.archive.org/web/20200330143153/https://www.chattahoocheetech.edu/library/,2020-04-01,"34.082968,-84.670396",https://geocoder.maplarge.com/Geocoder,2020-04-02,+1-770-528-4545,http://web.archive.org/web/20200330143153/https://www.chattahoocheetech.edu/library/,2020-04-01,,,,https://www.chattahoocheetech.edu/library/,http://web.archive.org/web/20200330143153/https://www.chattahoocheetech.edu/library/,2020-04-01,,,,"","","",,,,,,,,,,,,,,,,"","",
1246,Chattahoochee Technical College Paulding Library,http://web.archive.org/web/20200330143153/https://www.chattahoocheetech.edu/library/,2020-03-27,"academic library at Chattahoochee Technical College, Dallas, Georgia, USA",Paulding Library,library,http://web.archive.org/web/20200330143153/https://www.chattahoocheetech.edu/library/,2020-03-30,"400 Nathan Dean Boulevard, Dallas, GA 30132",http://web.archive.org/web/20200330143153/https://www.chattahoocheetech.edu/library/,2020-04-01,Dallas,http://web.archive.org/web/20200330143153/https://www.chattahoocheetech.edu/library/,2020-04-01,Paulding,https://geocoder.maplarge.com/Geocoder,2020-04-01,Georgia,http://web.archive.org/web/20200330143153/https://www.chattahoocheetech.edu/library/,2020-03-31,United States,http://web.archive.org/web/20200330143153/https://www.chattahoocheetech.edu/library/,2020-04-01,"33.910627,-84.826266",https://geocoder.maplarge.com/Geocoder,2020-04-02,+1-770-528-4545,http://web.archive.org/web/20200330143153/https://www.chattahoocheetech.edu/library/,2020-04-01,,,,https://www.chattahoocheetech.edu/library/,http://web.archive.org/web/20200330143153/https://www.chattahoocheetech.edu/library/,2020-04-01,,,,"","","",,,,,,,,,,,,,,,,"","",
1247,Chattahoochee Technical College Woodstock Library,http://web.archive.org/web/20200330143153/https://www.chattahoocheetech.edu/library/,2020-03-27,"academic library at Chattahoochee Technical College, Woodstock, Georgia, USA",Woodstock Library,library,http://web.archive.org/web/20200330143153/https://www.chattahoocheetech.edu/library/,2020-03-30,"8371 Main Street, Woodstock, GA 30188",http://web.archive.org/web/20200330143153/https://www.chattahoocheetech.edu/library/,2020-04-01,Woodstock,http://web.archive.org/web/20200330143153/https://www.chattahoocheetech.edu/library/,2020-04-01,Cherokee,https://geocoder.maplarge.com/Geocoder,2020-04-01,Georgia,http://web.archive.org/web/20200330143153/https://www.chattahoocheetech.edu/library/,2020-03-31,United States,http://web.archive.org/web/20200330143153/https://www.chattahoocheetech.edu/library/,2020-04-01,"34.104385,-84.517672",https://geocoder.maplarge.com/Geocoder,2020-04-02,+1-770-528-4545,http://web.archive.org/web/20200330143153/https://www.chattahoocheetech.edu/library/,2020-04-01,,,,https://www.chattahoocheetech.edu/library/,http://web.archive.org/web/20200330143153/https://www.chattahoocheetech.edu/library/,2020-04-01,,,,"","","",,,,,,,,,,,,,,,,"","",
1248,Coastal Pines Technical College Waycross Campus Library,http://web.archive.org/web/20200330143326/http://libguides.coastalpines.edu/libraryservices/waycross,2020-03-27,"academic library at Coastal Pines Technical College, Waycross, Georgia, USA",Coastal Pines Technical College Library,library,http://web.archive.org/web/20200330143326/http://libguides.coastalpines.edu/libraryservices/waycross,2020-03-30,"1701 Carswell Avenue, Waycross, GA 31503",http://web.archive.org/web/20200330143326/http://libguides.coastalpines.edu/libraryservices/waycross,2020-04-01,Waycross,http://web.archive.org/web/20200330143326/http://libguides.coastalpines.edu/libraryservices/waycross,2020-04-01,Ware,https://geocoder.maplarge.com/Geocoder,2020-04-01,Georgia,http://web.archive.org/web/20200330143326/http://libguides.coastalpines.edu/libraryservices/waycross,2020-03-31,United States,http://web.archive.org/web/20200330143326/http://libguides.coastalpines.edu/libraryservices/waycross,2020-04-01,"31.213283,-82.383197",https://geocoder.maplarge.com/Geocoder,2020-04-02,+1-912-287-6655,http://web.archive.org/web/20200330143326/http://libguides.coastalpines.edu/libraryservices/waycross,2020-04-01,,,,http://libguides.coastalpines.edu/libraryservices/waycross,http://web.archive.org/web/20200330143326/http://libguides.coastalpines.edu/libraryservices/waycross,2020-04-01,,,,"","","",,,,,,,,,,,,,,,,"","",
1249,Coastal Pines Technical College Jesup Library,http://web.archive.org/web/20200330143424/http://libguides.coastalpines.edu/libraryservices/jesup,2020-03-27,"academic library at Coastal Pines Technical College, Jesup, Georgia, USA",Coastal Pines Technical College Library,library,http://web.archive.org/web/20200330143424/http://libguides.coastalpines.edu/libraryservices/jesup,2020-03-30,"1777 West Cherry Street, Room 1201, Jesup, GA 31545",http://web.archive.org/web/20200330143424/http://libguides.coastalpines.edu/libraryservices/jesup,2020-04-01,Jesup,http://web.archive.org/web/20200330143424/http://libguides.coastalpines.edu/libraryservices/jesup,2020-04-01,Wayne,https://geocoder.maplarge.com/Geocoder,2020-04-01,Georgia,http://web.archive.org/web/20200330143424/http://libguides.coastalpines.edu/libraryservices/jesup,2020-03-31,United States,http://web.archive.org/web/20200330143424/http://libguides.coastalpines.edu/libraryservices/jesup,2020-04-01,"31.600775,-81.957787",https://geocoder.maplarge.com/Geocoder,2020-04-02,+1-912-427-1929,http://web.archive.org/web/20200330143424/http://libguides.coastalpines.edu/libraryservices/jesup,2020-04-01,,,,http://libguides.coastalpines.edu/libraryservices/jesup,http://web.archive.org/web/20200330143424/http://libguides.coastalpines.edu/libraryservices/jesup,2020-04-01,,,,"","","",,,,,,,,,,,,,,,,"","",
1250,Coastal Pines Technical College â€‹Hazlehurst Learning Resource Center,http://web.archive.org/web/20200330143508/http://libguides.coastalpines.edu/libraryservices/hazlehurst,2020-03-27,"academic library at Coastal Pines Technical College, Hazlehurst, Georgia, USA",Coastal Pines Technical College Library,library,http://web.archive.org/web/20200330143508/http://libguides.coastalpines.edu/libraryservices/hazlehurst,2020-03-30,"677 Douglas Highway, Room 102, Hazlehurst, GA 31513",http://web.archive.org/web/20200330143508/http://libguides.coastalpines.edu/libraryservices/hazlehurst,2020-04-01,Hazlehurst,http://web.archive.org/web/20200330143508/http://libguides.coastalpines.edu/libraryservices/hazlehurst,2020-04-01,Appling,https://geocoder.maplarge.com/Geocoder,2020-04-01,Georgia,http://web.archive.org/web/20200330143508/http://libguides.coastalpines.edu/libraryservices/hazlehurst,2020-03-31,United States,http://web.archive.org/web/20200330143508/http://libguides.coastalpines.edu/libraryservices/hazlehurst,2020-04-01,"31.756861,-82.350837",https://geocoder.maplarge.com/Geocoder,2020-04-02,+1-912-379-0041,http://web.archive.org/web/20200330143508/http://libguides.coastalpines.edu/libraryservices/hazlehurst,2020-04-01,,,,http://libguides.coastalpines.edu/libraryservices/hazlehurst,http://web.archive.org/web/20200330143508/http://libguides.coastalpines.edu/libraryservices/hazlehurst,2020-04-01,,,,"","","",,,,,,,,,,,,,,,,"","",
1251,Coastal Pines Technical College Golden Isles Library,http://web.archive.org/web/20200330143552/http://libguides.coastalpines.edu/libraryservices/goldenisles,2020-03-27,"academic library at Coastal Pines Technical College, Brunswick, Georgia, USA",Coastal Pines Technical College Library,library,http://web.archive.org/web/20200330143552/http://libguides.coastalpines.edu/libraryservices/goldenisles,2020-03-30,"3700 Glynco Parkway, Brunswick, GA 31525",http://web.archive.org/web/20200330143552/http://libguides.coastalpines.edu/libraryservices/goldenisles,2020-04-01,Brunswick,http://web.archive.org/web/20200330143552/http://libguides.coastalpines.edu/libraryservices/goldenisles,2020-04-01,Glynn,https://geocoder.maplarge.com/Geocoder,2020-04-01,Georgia,http://web.archive.org/web/20200330143552/http://libguides.coastalpines.edu/libraryservices/goldenisles,2020-03-31,United States,http://web.archive.org/web/20200330143552/http://libguides.coastalpines.edu/libraryservices/goldenisles,2020-04-01,"31.255844,-81.456102",https://geocoder.maplarge.com/Geocoder,2020-04-02,+1-912-262-4314,http://web.archive.org/web/20200330143552/http://libguides.coastalpines.edu/libraryservices/goldenisles,2020-04-01,,,,http://libguides.coastalpines.edu/libraryservices/goldenisles,http://web.archive.org/web/20200330143552/http://libguides.coastalpines.edu/libraryservices/goldenisles,2020-04-01,,,,"","","",,,,,,,,,,,,,,,,"","",
1252,Coastal Pines Technical College Camden Center Library,http://web.archive.org/web/20200330143641/http://libguides.coastalpines.edu/libraryservices/camden,2020-03-27,"academic library at Coastal Pines Technical College, Kingsland, Georgia, USA",Coastal Pines Technical College Library,library,http://web.archive.org/web/20200330143641/http://libguides.coastalpines.edu/libraryservices/camden,2020-03-30,"8001 Lakes Boulevard, Kingsland, GA 31548",http://web.archive.org/web/20200330143641/http://libguides.coastalpines.edu/libraryservices/camden,2020-04-01,Kingsland,http://web.archive.org/web/20200330143641/http://libguides.coastalpines.edu/libraryservices/camden,2020-04-01,Camden,https://geocoder.maplarge.com/Geocoder,2020-04-01,Georgia,http://web.archive.org/web/20200330143641/http://libguides.coastalpines.edu/libraryservices/camden,2020-03-31,United States,http://web.archive.org/web/20200330143641/http://libguides.coastalpines.edu/libraryservices/camden,2020-04-01,"30.806826,-81.657284",https://geocoder.maplarge.com/Geocoder,2020-04-02,+1-912-510-3331,http://web.archive.org/web/20200330143641/http://libguides.coastalpines.edu/libraryservices/camden,2020-04-01,,,,http://libguides.coastalpines.edu/libraryservices/camden,http://web.archive.org/web/20200330143641/http://libguides.coastalpines.edu/libraryservices/camden,2020-04-01,,,,"","","",,,,,,,,,,,,,,,,"","",
1253,Coastal Pines Technical College Baxley Learning Resource Center,http://web.archive.org/web/20200330143712/http://libguides.coastalpines.edu/libraryservices/baxley,2020-03-27,"academic library at Coastal Pines Technical College, Baxley, Georgia, USA",Coastal Pines Technical College Library,library,http://web.archive.org/web/20200330143712/http://libguides.coastalpines.edu/libraryservices/baxley,2020-03-30,"1334 Golden Isles Parkway West, Room 1110, Baxley, GA 31513",http://web.archive.org/web/20200330143712/http://libguides.coastalpines.edu/libraryservices/baxley,2020-04-01,Baxley,http://web.archive.org/web/20200330143712/http://libguides.coastalpines.edu/libraryservices/baxley,2020-04-01,Appling,https://geocoder.maplarge.com/Geocoder,2020-04-01,Georgia,http://web.archive.org/web/20200330143712/http://libguides.coastalpines.edu/libraryservices/baxley,2020-03-31,United States,http://web.archive.org/web/20200330143712/http://libguides.coastalpines.edu/libraryservices/baxley,2020-04-01,"31.756861,-82.350837",https://geocoder.maplarge.com/Geocoder,2020-04-02,+1-912-367-1700,http://web.archive.org/web/20200330143712/http://libguides.coastalpines.edu/libraryservices/baxley,2020-04-01,,,,http://libguides.coastalpines.edu/libraryservices/baxley,http://web.archive.org/web/20200330143712/http://libguides.coastalpines.edu/libraryservices/baxley,2020-04-01,,,,"","","",,,,,,,,,,,,,,,,"","",
1254,Coastal Pines Technical College Alma Learning Resource Center,http://web.archive.org/web/20200330143818/http://libguides.coastalpines.edu/libraryservices/alma,2020-03-27,"academic library at Coastal Pines Technical College, Alma, Georgia, USA",Coastal Pines Technical College Library,library,http://web.archive.org/web/20200330143818/http://libguides.coastalpines.edu/libraryservices/alma,2020-03-30,"101 West 17th Street, Room 1106, Alma, GA 31510",http://web.archive.org/web/20200330143818/http://libguides.coastalpines.edu/libraryservices/alma,2020-04-01,Alma,http://web.archive.org/web/20200330143818/http://libguides.coastalpines.edu/libraryservices/alma,2020-04-01,Bacon,https://geocoder.maplarge.com/Geocoder,2020-04-01,Georgia,http://web.archive.org/web/20200330143818/http://libguides.coastalpines.edu/libraryservices/alma,2020-03-31,United States,http://web.archive.org/web/20200330143818/http://libguides.coastalpines.edu/libraryservices/alma,2020-04-01,"31.576952,-82.461197",https://geocoder.maplarge.com/Geocoder,2020-04-02,+1-912-632-0951,http://web.archive.org/web/20200330143818/http://libguides.coastalpines.edu/libraryservices/alma,2020-04-01,,,,http://libguides.coastalpines.edu/libraryservices/alma,http://web.archive.org/web/20200330143818/http://libguides.coastalpines.edu/libraryservices/alma,2020-04-01,,,,"","","",,,,,,,,,,,,,,,,"","",
1255,Columbus Technical College Library,http://web.archive.org/web/20200330143855/https://www.columbustech.edu/academics/library.cms,2020-03-27,"academic library at Columbus Technical College, Columbus, Georgia, USA",,library,http://web.archive.org/web/20200330143855/https://www.columbustech.edu/academics/library.cms,2020-03-30,"928 Manchester Expressway, Columbus, GA 31904",http://web.archive.org/web/20200330143855/https://www.columbustech.edu/academics/library.cms,2020-04-01,Columbus,http://web.archive.org/web/20200330143855/https://www.columbustech.edu/academics/library.cms,2020-04-01,Muscogee,https://geocoder.maplarge.com/Geocoder,2020-04-01,Georgia,http://web.archive.org/web/20200330143855/https://www.columbustech.edu/academics/library.cms,2020-03-31,United States,http://web.archive.org/web/20200330143855/https://www.columbustech.edu/academics/library.cms,2020-04-01,"32.506486,-84.979368",https://geocoder.maplarge.com/Geocoder,2020-04-02,+1-706-649-1852,http://web.archive.org/web/20200330143855/https://www.columbustech.edu/academics/library.cms,2020-04-01,mailto:library@columbustech.edu,,2020-04-01,https://www.columbustech.edu/academics/library.cms,http://web.archive.org/web/20200330143855/https://www.columbustech.edu/academics/library.cms,2020-04-01,,,,"","","",,,,,,,,,,,,,,,,"","",
1256,Georgia Northwestern Technical College Catoosa County Campus Library,http://web.archive.org/web/20200330144027/https://library.gntc.edu/,2020-03-27,"academic library at Georgia Northwestern Technical College, Ringgold, Georgia, USA",,library,http://web.archive.org/web/20200330144027/https://library.gntc.edu/,2020-03-30,"120 College Park Drive, Ringgold, GA 30736",http://web.archive.org/web/20200330144027/https://library.gntc.edu/,2020-04-01,Ringgold,http://web.archive.org/web/20200330144027/https://library.gntc.edu/,2020-04-01,Catoosa,https://geocoder.maplarge.com/Geocoder,2020-04-01,Georgia,http://web.archive.org/web/20200330144027/https://library.gntc.edu/,2020-03-31,United States,http://web.archive.org/web/20200330144027/https://library.gntc.edu/,2020-04-01,"34.888709,-85.118699",https://geocoder.maplarge.com/Geocoder,2020-04-02,+1-706-965-1137,http://web.archive.org/web/20200330144027/https://library.gntc.edu/,2020-04-01,,,,https://library.gntc.edu/,http://web.archive.org/web/20200330144027/https://library.gntc.edu/,2020-04-01,,,,"","","",,,,,,,,,,,,,,,,"","",
1257,Georgia Northwestern Technical College Floyd County Campus Library,http://web.archive.org/web/20200330144027/https://library.gntc.edu/,2020-03-27,"academic library at Georgia Northwestern Technical College, Rome, Georgia, USA",,library,http://web.archive.org/web/20200330144027/https://library.gntc.edu/,2020-03-30,"1 Maurice Culberson Drive, Rome, GA 30161",http://web.archive.org/web/20200330144027/https://library.gntc.edu/,2020-04-01,Rome,http://web.archive.org/web/20200330144027/https://library.gntc.edu/,2020-04-01,Floyd,https://geocoder.maplarge.com/Geocoder,2020-04-01,Georgia,http://web.archive.org/web/20200330144027/https://library.gntc.edu/,2020-03-31,United States,http://web.archive.org/web/20200330144027/https://library.gntc.edu/,2020-04-01,"34.225055,-85.171455",https://geocoder.maplarge.com/Geocoder,2020-04-02,+1-706-295-6845,http://web.archive.org/web/20200330144027/https://library.gntc.edu/,2020-04-01,,,,https://library.gntc.edu/,http://web.archive.org/web/20200330144027/https://library.gntc.edu/,2020-04-01,,,,"","","",,,,,,,,,,,,,,,,"","",
1258,Georgia Northwestern Technical College Gordon County Campus Library,http://web.archive.org/web/20200330144027/https://library.gntc.edu/,2020-03-27,"academic library at Georgia Northwestern Technical College, Calhoun, Georgia, USA",,library,http://web.archive.org/web/20200330144027/https://library.gntc.edu/,2020-03-30,"1151 Highway 53 Spur, Calhoun, GA 30701",http://web.archive.org/web/20200330144027/https://library.gntc.edu/,2020-04-01,Calhoun,http://web.archive.org/web/20200330144027/https://library.gntc.edu/,2020-04-01,Gordon,https://geocoder.maplarge.com/Geocoder,2020-04-01,Georgia,http://web.archive.org/web/20200330144027/https://library.gntc.edu/,2020-03-31,United States,http://web.archive.org/web/20200330144027/https://library.gntc.edu/,2020-04-01,"34.492186,-84.968618",https://geocoder.maplarge.com/Geocoder,2020-04-02,+1-706-378-1718,http://web.archive.org/web/20200330144027/https://library.gntc.edu/,2020-04-01,,,,https://library.gntc.edu/,http://web.archive.org/web/20200330144027/https://library.gntc.edu/,2020-04-01,,,,"","","",,,,,,,,,,,,,,,,"","",
1259,Georgia Northwestern Technical College Polk County Campus Library,http://web.archive.org/web/20200330144027/https://library.gntc.edu/,2020-03-27,"academic library at Georgia Northwestern Technical College, Rockmart, Georgia, USA",,library,http://web.archive.org/web/20200330144027/https://library.gntc.edu/,2020-03-30,"466 Brock Road, Rockmart, GA 30153",http://web.archive.org/web/20200330144027/https://library.gntc.edu/,2020-04-01,Rockmart,http://web.archive.org/web/20200330144027/https://library.gntc.edu/,2020-04-01,Polk,https://geocoder.maplarge.com/Geocoder,2020-04-01,Georgia,http://web.archive.org/web/20200330144027/https://library.gntc.edu/,2020-03-31,United States,http://web.archive.org/web/20200330144027/https://library.gntc.edu/,2020-04-01,"33.933073,-85.002176",https://geocoder.maplarge.com/Geocoder,2020-04-02,+1-706-378-1781,http://web.archive.org/web/20200330144027/https://library.gntc.edu/,2020-04-01,,,,https://library.gntc.edu/,http://web.archive.org/web/20200330144027/https://library.gntc.edu/,2020-04-01,,,,"","","",,,,,,,,,,,,,,,,"","",
1260,Georgia Northwestern Technical College Walker County Campus Library,http://web.archive.org/web/20200330144027/https://library.gntc.edu/,2020-03-27,"academic library at Georgia Northwestern Technical College, Rock Springs, Georgia, USA",,library,http://web.archive.org/web/20200330144027/https://library.gntc.edu/,2020-03-30,"265 Bicentennial Trail, Rock Spring, GA 30739",http://web.archive.org/web/20200330144027/https://library.gntc.edu/,2020-04-01,Rock Spring,http://web.archive.org/web/20200330144027/https://library.gntc.edu/,2020-04-01,Walker,https://geocoder.maplarge.com/Geocoder,2020-04-01,Georgia,http://web.archive.org/web/20200330144027/https://library.gntc.edu/,2020-03-31,United States,http://web.archive.org/web/20200330144027/https://library.gntc.edu/,2020-04-01,"34.812025,-85.252819",https://geocoder.maplarge.com/Geocoder,2020-04-02,+1-706-764-3533,http://web.archive.org/web/20200330144027/https://library.gntc.edu/,2020-04-01,,,,https://library.gntc.edu/,http://web.archive.org/web/20200330144027/https://library.gntc.edu/,2020-04-01,,,,"","","",,,,,,,,,,,,,,,,"","",
1261,Georgia Northwestern Technical College Whitfield Murray Campus Library,http://web.archive.org/web/20200330144027/https://library.gntc.edu/,2020-03-27,"academic library at Georgia Northwestern Technical College, Dalton, Georgia, USA",,library,http://web.archive.org/web/20200330144027/https://library.gntc.edu/,2020-03-30,"2310 Maddox Chapel Road, Dalton, GA 30721",http://web.archive.org/web/20200330144027/https://library.gntc.edu/,2020-04-01,Dalton,http://web.archive.org/web/20200330144027/https://library.gntc.edu/,2020-04-01,Whitfield,https://geocoder.maplarge.com/Geocoder,2020-04-01,Georgia,http://web.archive.org/web/20200330144027/https://library.gntc.edu/,2020-03-31,United States,http://web.archive.org/web/20200330144027/https://library.gntc.edu/,2020-04-01,"34.784857,-84.92121",https://geocoder.maplarge.com/Geocoder,2020-04-02,+1-706-272-2941,http://web.archive.org/web/20200330144027/https://library.gntc.edu/,2020-04-01,,,,https://library.gntc.edu/,http://web.archive.org/web/20200330144027/https://library.gntc.edu/,2020-04-01,,,,"","","",,,,,,,,,,,,,,,,"","",
1262,Georgia Piedmont Technical College DeKalb Campus Learning Resource Center,http://web.archive.org/web/20200330144315/https://www.gptc.edu/current-students/campus-services-amenities/library/,2020-03-27,"academic library at Georgia Piedmont Technical College, Clarkston, Georgia, USA",,library,http://web.archive.org/web/20200330144315/https://www.gptc.edu/current-students/campus-services-amenities/library/,2020-03-30,"495 North Indian Creek Drive, Building A, Room 105, Clarkston, GA 30021",http://web.archive.org/web/20200330144315/https://www.gptc.edu/current-students/campus-services-amenities/library/,2020-04-01,Clarkston,http://web.archive.org/web/20200330144315/https://www.gptc.edu/current-students/campus-services-amenities/library/,2020-04-01,DeKalb,https://geocoder.maplarge.com/Geocoder,2020-04-01,Georgia,http://web.archive.org/web/20200330144315/https://www.gptc.edu/current-students/campus-services-amenities/library/,2020-03-31,United States,http://web.archive.org/web/20200330144315/https://www.gptc.edu/current-students/campus-services-amenities/library/,2020-04-01,"33.810953,-84.23797",https://geocoder.maplarge.com/Geocoder,2020-04-02,+1-404-297-9522,http://web.archive.org/web/20200330144315/https://www.gptc.edu/current-students/campus-services-amenities/library/,2020-04-01,,,,https://www.gptc.edu/current-students/campus-services-amenities/library/,http://web.archive.org/web/20200330144315/https://www.gptc.edu/current-students/campus-services-amenities/library/,2020-04-01,,,,"","","",,,,,,,,,,,,,,,,"","",
1263,Georgia Piedmont Technical College Newton Campus Learning Resource Center,http://web.archive.org/web/20200330144315/https://www.gptc.edu/current-students/campus-services-amenities/library/,2020-03-27,"academic library at Georgia Piedmont Technical College, Covington, Georgia, USA",,library,http://web.archive.org/web/20200330144315/https://www.gptc.edu/current-students/campus-services-amenities/library/,2020-03-30,"16200 Alcovy Road, Building B, Room 109, Covington, GA 30014",http://web.archive.org/web/20200330144315/https://www.gptc.edu/current-students/campus-services-amenities/library/,2020-04-01,Covington,http://web.archive.org/web/20200330144315/https://www.gptc.edu/current-students/campus-services-amenities/library/,2020-04-01,Newton,https://geocoder.maplarge.com/Geocoder,2020-04-01,Georgia,http://web.archive.org/web/20200330144315/https://www.gptc.edu/current-students/campus-services-amenities/library/,2020-03-31,United States,http://web.archive.org/web/20200330144315/https://www.gptc.edu/current-students/campus-services-amenities/library/,2020-04-01,"33.529341,-83.849622",https://geocoder.maplarge.com/Geocoder,2020-04-02,+1-404-297-9522,http://web.archive.org/web/20200330144315/https://www.gptc.edu/current-students/campus-services-amenities/library/,2020-04-01,,,,https://www.gptc.edu/current-students/campus-services-amenities/library/,http://web.archive.org/web/20200330144315/https://www.gptc.edu/current-students/campus-services-amenities/library/,2020-04-01,,,,"","","",,,,,,,,,,,,,,,,"","",
1264,Georgia Piedmont Technical College South DeKalb Campus Learning Resource Center,http://web.archive.org/web/20200330144315/https://www.gptc.edu/current-students/campus-services-amenities/library/,2020-03-27,"academic library at Georgia Piedmont Technical College, Decatur, Georgia, USA",South DeKalb Campus Learning Commons,library,http://web.archive.org/web/20200330144315/https://www.gptc.edu/current-students/campus-services-amenities/library/,2020-03-30,"2460 Wesley Chapel Road, Decatur, Georgia 30035",http://web.archive.org/web/20200330144315/https://www.gptc.edu/current-students/campus-services-amenities/library/,2020-04-01,Decatur,http://web.archive.org/web/20200330144315/https://www.gptc.edu/current-students/campus-services-amenities/library/,2020-04-01,DeKalb,https://geocoder.maplarge.com/Geocoder,2020-04-01,Georgia,http://web.archive.org/web/20200330144315/https://www.gptc.edu/current-students/campus-services-amenities/library/,2020-03-31,United States,http://web.archive.org/web/20200330144315/https://www.gptc.edu/current-students/campus-services-amenities/library/,2020-04-01,"33.71558,-84.212121",https://geocoder.maplarge.com/Geocoder,2020-04-02,+1-404-297-9522,http://web.archive.org/web/20200330144315/https://www.gptc.edu/current-students/campus-services-amenities/library/,2020-04-01,,,,https://www.gptc.edu/current-students/campus-services-amenities/library/,http://web.archive.org/web/20200330144315/https://www.gptc.edu/current-students/campus-services-amenities/library/,2020-04-01,,,,"","","",,,,,,,,,,,,,,,,"","",
1265,Gwinnett Technical College Alpharetta-North Fulton Library,http://web.archive.org/web/20200330144558/https://www.gwinnetttech.edu/campus/library/,2020-03-30,"academic library at Gwinnett Technical College, Alpharetta, Georgia, USA",Alpharetta-North Fulton campus library,library,http://web.archive.org/web/20200330144558/https://www.gwinnetttech.edu/campus/library/,2020-03-30,"2875 Old Milton Parkway, Room 139 off the Atrium, Alpharetta, GA, 30009",http://web.archive.org/web/20200330150237/https://www.gwinnetttech.edu/,2020-03-30,Alpharetta,http://web.archive.org/web/20200330150237/https://www.gwinnetttech.edu/,2020-04-01,Fulton,https://geocoder.maplarge.com/Geocoder,2020-04-01,Georgia,http://web.archive.org/web/20200330150237/https://www.gwinnetttech.edu/,2020-03-31,United States,http://web.archive.org/web/20200330150237/https://www.gwinnetttech.edu/,2020-04-01,"34.07896,-84.305281",https://geocoder.maplarge.com/Geocoder,2020-04-02,+1-470-282-5396,http://web.archive.org/web/20200330150237/https://www.gwinnetttech.edu/,2020-03-30,,,,http://gtclibrary.libguides.com/?b=s,http://web.archive.org/web/20200330145635/http://gtclibrary.libguides.com/?b=s,2020-03-30,,,,"","","",,,,,,,,,,,,,,,,"","",
1266,"Gwinnett Technical College Lawrenceville Library ",http://web.archive.org/web/20200330144558/https://www.gwinnetttech.edu/campus/library/,2020-03-30,"academic library at Gwinnett Technical College, Lawrenceville, Georgia, USA",Lawrenceville campus library,library,http://web.archive.org/web/20200330144558/https://www.gwinnetttech.edu/campus/library/,2020-03-30,"5150 Sugarloaf Parkway, Building 100, Room 402, Lawrenceville, GA 30043",http://web.archive.org/web/20200330150237/https://www.gwinnetttech.edu/,2020-03-30,Lawrenceville,http://web.archive.org/web/20200330150237/https://www.gwinnetttech.edu/,2020-04-01,Gwinnett,https://geocoder.maplarge.com/Geocoder,2020-04-01,Georgia,http://web.archive.org/web/20200330150237/https://www.gwinnetttech.edu/,2020-03-31,United States,http://web.archive.org/web/20200330150237/https://www.gwinnetttech.edu/,2020-04-01,"34.00309,-84.012608",https://geocoder.maplarge.com/Geocoder,2020-04-02,+1-770-962-7580,http://web.archive.org/web/20200330150237/https://www.gwinnetttech.edu/,2020-03-30,,,,http://gtclibrary.libguides.com/?b=s,http://web.archive.org/web/20200330145635/http://gtclibrary.libguides.com/?b=s,2020-03-30,,,,"","","",,,,,,,,,,,,,,,,"","",
1267,"Lanier Technical College Hall Campus Library ",http://web.archive.org/web/20200330151931/https://www.laniertech.edu/library/,2020-03-30,"academic library at Lanier Technical College, Gainesville, Georgia, USA",Hall campus library,library,http://web.archive.org/web/20200330151931/https://www.laniertech.edu/library/,2020-03-30,"2535 Lanier Tech Drive, Gainesville, GA 30507",http://web.archive.org/web/20200330155634/https://www.laniertech.edu/,2020-03-30,Gainesville,http://web.archive.org/web/20200330155634/https://www.laniertech.edu/,2020-04-01,Hall,https://geocoder.maplarge.com/Geocoder,2020-04-01,Georgia,http://web.archive.org/web/20200330155634/https://www.laniertech.edu/,2020-03-31,United States,http://web.archive.org/web/20200330155634/https://www.laniertech.edu/,2020-04-01,"34.330987,-83.778752",https://geocoder.maplarge.com/Geocoder,2020-04-02,+1-770-533-7000,http://web.archive.org/web/20200330155634/https://www.laniertech.edu/,2020-03-30,,,,https://www.laniertech.edu/library/,http://web.archive.org/web/20200330151931/https://www.laniertech.edu/library/,2020-04-01,,,,"","","",,,,,,,,,,,,,,,,"","",
1268,"Lanier Technical College Forsyth Campus Library ",http://web.archive.org/web/20200330151931/https://www.laniertech.edu/library/,2020-03-30,"academic library at Lanier Technical College, Cumming, Georgia, USA",Forsyth campus library,library,http://web.archive.org/web/20200330151931/https://www.laniertech.edu/library/,2020-03-30,"3410 Ronald Reagan Boulevard, Cumming, GA 30041",http://web.archive.org/web/20200330155634/https://www.laniertech.edu/,2020-03-30,Cumming,http://web.archive.org/web/20200330155634/https://www.laniertech.edu/,2020-04-01,Forsyth,https://geocoder.maplarge.com/Geocoder,2020-04-01,Georgia,http://web.archive.org/web/20200330155634/https://www.laniertech.edu/,2020-03-31,United States,http://web.archive.org/web/20200330155634/https://www.laniertech.edu/,2020-04-01,"34.148923,-84.185139",https://geocoder.maplarge.com/Geocoder,2020-04-02,+1-678-341-6600,http://web.archive.org/web/20200330155634/https://www.laniertech.edu/,2020-03-30,,,,https://www.laniertech.edu/library/,http://web.archive.org/web/20200330151931/https://www.laniertech.edu/library/,2020-04-01,,,,"","","",,,,,,,,,,,,,,,,"","",
1269,"Lanier Technical College Barrow Campus Library ",http://web.archive.org/web/20200330151931/https://www.laniertech.edu/library/,2020-03-30,"academic library at Lanier Technical College, Winder, Georgia, USA",Barrow campus library,library,http://web.archive.org/web/20200330151931/https://www.laniertech.edu/library/,2020-03-30,"965 Austin Road, Winder, GA 30680",http://web.archive.org/web/20200330155634/https://www.laniertech.edu/,2020-03-30,Winder,http://web.archive.org/web/20200330155634/https://www.laniertech.edu/,2020-04-01,Barrow,https://geocoder.maplarge.com/Geocoder,2020-04-01,Georgia,http://web.archive.org/web/20200330155634/https://www.laniertech.edu/,2020-03-31,United States,http://web.archive.org/web/20200330155634/https://www.laniertech.edu/,2020-04-01,"33.946378,-83.655491",https://geocoder.maplarge.com/Geocoder,2020-04-02,+1-770-297-4500,http://web.archive.org/web/20200330155634/https://www.laniertech.edu/,2020-03-30,,,,https://www.laniertech.edu/library/,http://web.archive.org/web/20200330151931/https://www.laniertech.edu/library/,2020-04-01,,,,"","","",,,,,,,,,,,,,,,,"","",
1270,"Lanier Technical College Dawson Campus Library ",http://web.archive.org/web/20200330151931/https://www.laniertech.edu/library/,2020-03-30,"academic library at Lanier Technical College, Dawsonville, Georgia, USA",Dawson campus library,library,http://web.archive.org/web/20200330151931/https://www.laniertech.edu/library/,2020-03-30,"408 Highway 9 North, Dawsonville, GA 30534",http://web.archive.org/web/20200330155634/https://www.laniertech.edu/,2020-03-30,Dawsonville,http://web.archive.org/web/20200330155634/https://www.laniertech.edu/,2020-04-01,Dawson,https://geocoder.maplarge.com/Geocoder,2020-04-01,Georgia,http://web.archive.org/web/20200330155634/https://www.laniertech.edu/,2020-03-31,United States,http://web.archive.org/web/20200330155634/https://www.laniertech.edu/,2020-04-01,"34.421115,-84.116909",https://geocoder.maplarge.com/Geocoder,2020-04-02,+1-706-216-5461,http://web.archive.org/web/20200330155634/https://www.laniertech.edu/,2020-03-30,,,,https://www.laniertech.edu/library/,http://web.archive.org/web/20200330151931/https://www.laniertech.edu/library/,2020-04-01,,,,"","","",,,,,,,,,,,,,,,,"","",
1271,"Lanier Technical College Jackson Campus Library ",http://web.archive.org/web/20200330151931/https://www.laniertech.edu/library/,2020-03-30,"academic library at Lanier Technical College, Commerce, Georgia, USA",Jackson campus library,library,http://web.archive.org/web/20200330151931/https://www.laniertech.edu/library/,2020-03-30,"631 South Elm Street, Commerce, GA 30529",http://web.archive.org/web/20200330155634/https://www.laniertech.edu/,2020-03-30,Commerce,http://web.archive.org/web/20200330155634/https://www.laniertech.edu/,2020-04-01,Jackson,https://geocoder.maplarge.com/Geocoder,2020-04-01,Georgia,http://web.archive.org/web/20200330155634/https://www.laniertech.edu/,2020-03-31,United States,http://web.archive.org/web/20200330155634/https://www.laniertech.edu/,2020-04-01,"34.189844,-83.446949",https://geocoder.maplarge.com/Geocoder,2020-04-02,+1-706-335-1931,http://web.archive.org/web/20200330155634/https://www.laniertech.edu/,2020-03-30,,,,https://www.laniertech.edu/library/,http://web.archive.org/web/20200330151931/https://www.laniertech.edu/library/,2020-04-01,,,,"","","",,,,,,,,,,,,,,,,"","",
1272,North Georgia Technical College Blairsville Library,http://web.archive.org/web/20200330172335/http://libguides.northgatech.edu/home,2020-03-30,"academic library at North Georgia Technical College, Blairsville, Georgia, USA",Blairsville Library,library,http://web.archive.org/web/20200330172335/http://libguides.northgatech.edu/home,2020-03-30,"121 Meeks Avenue, Blairsville, GA 30512",http://web.archive.org/web/20200330172335/http://libguides.northgatech.edu/home,2020-03-30,Blairsville,http://web.archive.org/web/20200330172335/http://libguides.northgatech.edu/home,2020-04-01,Union,https://geocoder.maplarge.com/Geocoder,2020-04-01,Georgia,http://web.archive.org/web/20200330172335/http://libguides.northgatech.edu/home,2020-03-31,United States,http://web.archive.org/web/20200330172335/http://libguides.northgatech.edu/home,2020-04-01,"34.858324,-83.922755",https://geocoder.maplarge.com/Geocoder,2020-04-02,+1-706-439-6326,http://web.archive.org/web/20200330172335/http://libguides.northgatech.edu/home,2020-03-30,,,,http://libguides.northgatech.edu/home,http://web.archive.org/web/20200330172335/http://libguides.northgatech.edu/home,2020-04-01,,,,"","","",,,,,,,,,,,,,,,,"","",
1273,North Georgia Technical College Clarkesville Library,http://web.archive.org/web/20200330172335/http://libguides.northgatech.edu/home,2020-03-30,"academic library at North Georgia Technical College, Clarkesville, Georgia, USA",Clarkesville Library,library,http://web.archive.org/web/20200330172335/http://libguides.northgatech.edu/home,2020-03-30,"1500 Highway 197 North, Clarkesville, GA 30523",http://web.archive.org/web/20200330172335/http://libguides.northgatech.edu/home,2020-03-30,Clarkesville,http://web.archive.org/web/20200330172335/http://libguides.northgatech.edu/home,2020-04-01,Habersham,https://geocoder.maplarge.com/Geocoder,2020-04-01,Georgia,http://web.archive.org/web/20200330172335/http://libguides.northgatech.edu/home,2020-03-31,United States,http://web.archive.org/web/20200330172335/http://libguides.northgatech.edu/home,2020-04-01,"34.616045,-83.52705",https://geocoder.maplarge.com/Geocoder,2020-04-02,+1-706-754-7720,http://web.archive.org/web/20200330172335/http://libguides.northgatech.edu/home,2020-03-30,,,,http://libguides.northgatech.edu/home,http://web.archive.org/web/20200330172335/http://libguides.northgatech.edu/home,2020-04-01,,,,"","","",,,,,,,"Post office box 65 1500 Highway 197 North Clarkesville, GA 30523",,,,,,,,,"","",
1274,North Georgia Technical College Currahee Library,http://web.archive.org/web/20200330172335/http://libguides.northgatech.edu/home,2020-03-30,"academic library at North Georgia Technical College, Toccoa, Georgia, USA",Currahee Library,library,http://web.archive.org/web/20200330172335/http://libguides.northgatech.edu/home,2020-03-30,"9238 Highway 17, Toccoa, GA 30577",http://web.archive.org/web/20200330172335/http://libguides.northgatech.edu/home,2020-03-30,Toccoa,http://web.archive.org/web/20200330172335/http://libguides.northgatech.edu/home,2020-04-01,Stephens,https://geocoder.maplarge.com/Geocoder,2020-04-01,Georgia,http://web.archive.org/web/20200330172335/http://libguides.northgatech.edu/home,2020-03-31,United States,http://web.archive.org/web/20200330172335/http://libguides.northgatech.edu/home,2020-04-01,"34.506836,-83.208487",https://geocoder.maplarge.com/Geocoder,2020-04-02,+1-706-779-8114,http://web.archive.org/web/20200330172335/http://libguides.northgatech.edu/home,2020-03-30,,,,http://libguides.northgatech.edu/home,http://web.archive.org/web/20200330172335/http://libguides.northgatech.edu/home,2020-04-01,,,,"","","",,,,,,,,,,,,,,,,"","",
1275,Oconee Fall Line Technical College North Campus Library,http://web.archive.org/web/20200330191633/https://www.oftc.edu/services/campus-resources/library/library-contact-hours/,2020-03-30,"academic library at Oconee Fall Line Technical College, Sandersville, Georgia, USA",North campus library,library,http://web.archive.org/web/20200330191633/https://www.oftc.edu/services/campus-resources/library/library-contact-hours/,2020-03-30,"1189 Deepstep Road, Sandersville, GA 31082",http://web.archive.org/web/20200330193626/https://www.oftc.edu/contact-us/campus-locations/,2020-03-30,Sandersville,http://web.archive.org/web/20200330193626/https://www.oftc.edu/contact-us/campus-locations/,2020-04-01,Washington,https://geocoder.maplarge.com/Geocoder,2020-04-01,Georgia,http://web.archive.org/web/20200330193626/https://www.oftc.edu/contact-us/campus-locations/,2020-03-31,United States,http://web.archive.org/web/20200330193626/https://www.oftc.edu/contact-us/campus-locations/,2020-04-01,"33.000197,-82.841655",https://geocoder.maplarge.com/Geocoder,2020-04-02,+1-478-553-2070,http://web.archive.org/web/20200330193626/https://www.oftc.edu/contact-us/campus-locations/,2020-03-30,,,,https://www.oftc.edu/services/campus-resources/library/library-contact-hours/,http://web.archive.org/web/20200330191633/https://www.oftc.edu/services/campus-resources/library/library-contact-hours/,2020-04-01,,,,"","","",,,,,,,,,,,,,,,,"","",
1276,Ogeechee Technical College Library,http://web.archive.org/web/20200330193837/http://www.ogeecheetech.edu/library,2020-03-30,"academic library at Ogeechee Technical College, Statesboro, Georgia, USA",,library,http://web.archive.org/web/20200330193837/http://www.ogeecheetech.edu/library,2020-03-30,"One Joseph E. Kennedy Boulevard, Room 348, Joseph E. Kennedy Building, Statesboro, Georgia 30458",http://web.archive.org/web/20200330193837/http://www.ogeecheetech.edu/library,2020-03-30,Statesboro,http://web.archive.org/web/20200330193837/http://www.ogeecheetech.edu/library,2020-04-01,Bulloch,https://geocoder.maplarge.com/Geocoder,2020-04-01,Georgia,http://web.archive.org/web/20200330193837/http://www.ogeecheetech.edu/library,2020-03-31,United States,http://web.archive.org/web/20200330193837/http://www.ogeecheetech.edu/library,2020-04-01,"32.425,-81.784956",https://geocoder.maplarge.com/Geocoder,2020-04-02,+1-912-871-1886,http://web.archive.org/web/20200330193837/http://www.ogeecheetech.edu/library,2020-03-30,mailto:library@ogeecheetech.edu,http://web.archive.org/web/20200330193837/http://www.ogeecheetech.edu/library,2020-04-01,http://www.ogeecheetech.edu/library,http://web.archive.org/web/20200330193837/http://www.ogeecheetech.edu/library,2020-04-01,,,,"","","",,,,,,,,,,,,,,,,"","",
1277,Savannah Technical College Savannah Library,http://web.archive.org/web/20200330201134/https://www.savannahtech.edu/academics/library/,2020-03-30,"academic library at Savannah Technical College, Savannah, Georgia, USA",Savannah,library,http://web.archive.org/web/20200330201134/https://www.savannahtech.edu/academics/library/,2020-03-30,"5717 White Bluff Road, Savannah, GA 31405",http://web.archive.org/web/20200330201134/https://www.savannahtech.edu/academics/library/,2020-03-30,Savannah,http://web.archive.org/web/20200330201134/https://www.savannahtech.edu/academics/library/,2020-04-01,Chatham,https://geocoder.maplarge.com/Geocoder,2020-04-01,Georgia,http://web.archive.org/web/20200330201134/https://www.savannahtech.edu/academics/library/,2020-03-31,United States,http://web.archive.org/web/20200330201134/https://www.savannahtech.edu/academics/library/,2020-04-01,"32.023587,-81.114316",https://geocoder.maplarge.com/Geocoder,2020-04-02,+1-912-443-5700,http://web.archive.org/web/20200330201134/https://www.savannahtech.edu/academics/library/,2020-03-30,,,,https://www.savannahtech.edu/academics/library/,http://web.archive.org/web/20200330201134/https://www.savannahtech.edu/academics/library/,2020-04-01,,,,"","","",,,,,,,,,,,,,,,,"","",
1278,Savannah Technical College Liberty County Library,http://web.archive.org/web/20200330202406/https://www.savannahtech.edu/campuses/liberty/,2020-03-30,"academic library at Savannah Technical College, Hinesville, Georgia, USA",Liberty county,library,http://web.archive.org/web/20200330202406/https://www.savannahtech.edu/campuses/liberty/,2020-03-30,"100 Technology Drive, Hinesville, GA 31313",http://web.archive.org/web/20200330202406/https://www.savannahtech.edu/campuses/liberty/,2020-03-30,Hinesville,http://web.archive.org/web/20200330202406/https://www.savannahtech.edu/campuses/liberty/,2020-04-01,Liberty,https://geocoder.maplarge.com/Geocoder,2020-04-01,Georgia,http://web.archive.org/web/20200330202406/https://www.savannahtech.edu/campuses/liberty/,2020-03-31,United States,http://web.archive.org/web/20200330202406/https://www.savannahtech.edu/campuses/liberty/,2020-04-01,"31.788606,-81.635761",https://geocoder.maplarge.com/Geocoder,2020-04-02,+1-912-408-3024,http://web.archive.org/web/20200330202406/https://www.savannahtech.edu/campuses/liberty/,2020-03-30,,,,https://www.savannahtech.edu/campuses/liberty/,http://web.archive.org/web/20200330202406/https://www.savannahtech.edu/campuses/liberty/,2020-04-01,,,,"","","",,,,,,,,,,,,,,,,"","",
1279,Savannah Technical College Effingham County Campus Learning Resource Center,http://web.archive.org/web/20200330202752/https://www.savannahtech.edu/campuses/effingham/,2020-03-30,"academic library at Savannah Technical College, Rincon, Georgia, USA",Effingham county campus learning resource center,library,http://web.archive.org/web/20200330202752/https://www.savannahtech.edu/campuses/effingham/,2020-03-30,"2890 Highway 21 South, Rincon, GA 31326",http://web.archive.org/web/20200330202752/https://www.savannahtech.edu/campuses/effingham/,2020-03-30,Rincon,http://web.archive.org/web/20200330202752/https://www.savannahtech.edu/campuses/effingham/,2020-04-01,Effingham,https://geocoder.maplarge.com/Geocoder,2020-04-01,Georgia,http://web.archive.org/web/20200330202752/https://www.savannahtech.edu/campuses/effingham/,2020-03-31,United States,http://web.archive.org/web/20200330202752/https://www.savannahtech.edu/campuses/effingham/,2020-04-01,"32.32665,-81.251936",https://geocoder.maplarge.com/Geocoder,2020-04-02,+1-912-443-4100,http://web.archive.org/web/20200330202752/https://www.savannahtech.edu/campuses/effingham/,2020-03-30,,,,https://www.savannahtech.edu/campuses/effingham/,http://web.archive.org/web/20200330202752/https://www.savannahtech.edu/campuses/effingham/,2020-04-01,,,,"","","",,,,,,,,,,,,,,,,"","",
1280,South Georgia Technical College Americus Campus Library,http://web.archive.org/web/20200330203803/https://www.southgatech.edu/academics/academic-resources/library/,2020-03-30,"academic library at South Georgia Technical College, Americus, Georgia, USA",Americus Campus library,library,http://web.archive.org/web/20200330203803/https://www.southgatech.edu/academics/academic-resources/library/,2020-03-30,"900 South Georgia Tech Parkway, Americus, Georgia 31709",http://web.archive.org/web/20200330203803/https://www.southgatech.edu/academics/academic-resources/library/,2020-03-30,Americus,http://web.archive.org/web/20200330203803/https://www.southgatech.edu/academics/academic-resources/library/,2020-04-01,Sumter,https://geocoder.maplarge.com/Geocoder,2020-04-01,Georgia,http://web.archive.org/web/20200330203803/https://www.southgatech.edu/academics/academic-resources/library/,2020-03-31,United States,http://web.archive.org/web/20200330203803/https://www.southgatech.edu/academics/academic-resources/library/,2020-04-01,"32.040432,-84.215282",https://geocoder.maplarge.com/Geocoder,2020-04-02,+1-229-931-2394,http://web.archive.org/web/20200330203803/https://www.southgatech.edu/academics/academic-resources/library/,2020-03-30,,,,https://www.southgatech.edu/academics/academic-resources/library/,http://web.archive.org/web/20200330203803/https://www.southgatech.edu/academics/academic-resources/library/,2020-04-01,,,,"","","",,,,,,,,,,,,,,,,"","",
1281,South Georgia Technical College Crisp County Center Library,http://web.archive.org/web/20200330203803/https://www.southgatech.edu/academics/academic-resources/library/,2020-03-30,"academic library at South Georgia Technical College, Cordele, Georgia, USA",Crisp County Center library,library,http://web.archive.org/web/20200330203803/https://www.southgatech.edu/academics/academic-resources/library/,2020-03-30,"402 North Midway Road, Cordele, Georgia 31015",http://web.archive.org/web/20200330203803/https://www.southgatech.edu/academics/academic-resources/library/,2020-03-30,Cordele,http://web.archive.org/web/20200330203803/https://www.southgatech.edu/academics/academic-resources/library/,2020-04-01,Crisp,https://geocoder.maplarge.com/Geocoder,2020-04-01,Georgia,http://web.archive.org/web/20200330203803/https://www.southgatech.edu/academics/academic-resources/library/,2020-03-31,United States,http://web.archive.org/web/20200330203803/https://www.southgatech.edu/academics/academic-resources/library/,2020-04-01,"31.965542,-83.745964",https://geocoder.maplarge.com/Geocoder,2020-04-02,+1-229-271-4040,http://web.archive.org/web/20200330203803/https://www.southgatech.edu/academics/academic-resources/library/,2020-03-30,,,,https://www.southgatech.edu/academics/academic-resources/library/,http://web.archive.org/web/20200330203803/https://www.southgatech.edu/academics/academic-resources/library/,2020-04-01,,,,"","","",,,,,,,,,,,,,,,,"","",
1282,Southeastern Technical College Vidalia Campus Library,http://web.archive.org/web/20200331153620/http://library.southeasterntech.edu/,2020-03-31,"academic library at Southeastern Technical College, Vidalia, Georgia, USA",Vidalia Campus Library,library,http://web.archive.org/web/20200331153620/http://library.southeasterntech.edu/,2020-03-31,"3001 E 1st Street, Room 143, Administration Building, Vidalia, GA 30474",http://web.archive.org/web/20200331153620/http://library.southeasterntech.edu/,2020-03-31,Vidalia,http://web.archive.org/web/20200331153620/http://library.southeasterntech.edu/,2020-04-01,Toombs,https://geocoder.maplarge.com/Geocoder,2020-04-01,Georgia,http://web.archive.org/web/20200331153620/http://library.southeasterntech.edu/,2020-03-31,United States,http://web.archive.org/web/20200331153620/http://library.southeasterntech.edu/,2020-04-01,"32.198683,-82.39208",https://geocoder.maplarge.com/Geocoder,2020-04-02,+1-912-538-3132,http://web.archive.org/web/20200331153620/http://library.southeasterntech.edu/,2020-03-31,,,,http://library.southeasterntech.edu/,http://web.archive.org/web/20200331153620/http://library.southeasterntech.edu/,2020-04-01,,,,"","","",,,,,,,,,,,,,,,,"","",
1283,Southeastern Technical College Swainsboro Campus Library,http://web.archive.org/web/20200331153620/http://library.southeasterntech.edu/,2020-03-31,"academic library at Southeastern Technical College, Swainsboro, Georgia, USA",Swainsboro Campus Library,library,http://web.archive.org/web/20200331153620/http://library.southeasterntech.edu/,2020-03-31,"346 Kite Road, Room 2165, Instructional Building, Swainsboro, GA 30401",http://web.archive.org/web/20200331153620/http://library.southeasterntech.edu/,2020-03-31,Swainsboro,http://web.archive.org/web/20200331153620/http://library.southeasterntech.edu/,2020-04-01,Emanuel,https://geocoder.maplarge.com/Geocoder,2020-04-01,Georgia,http://web.archive.org/web/20200331153620/http://library.southeasterntech.edu/,2020-03-31,United States,http://web.archive.org/web/20200331153620/http://library.southeasterntech.edu/,2020-04-01,"32.569871,-82.346181",https://geocoder.maplarge.com/Geocoder,2020-04-02,+1-478-289-2322,http://web.archive.org/web/20200331153620/http://library.southeasterntech.edu/,2020-03-31,,,,http://library.southeasterntech.edu/,http://web.archive.org/web/20200331153620/http://library.southeasterntech.edu/,2020-04-01,,,,"","","",,,,,,,,,,,,,,,,"","",
1284,Southern Crescent Technical College Griffin Campus Library,http://web.archive.org/web/20200331160547/https://www.sctech.edu/libraries/,2020-03-31,"academic library at Southern Crescent Technical College, Griffin, Georgia, USA",Griffin Campus Library,library,http://web.archive.org/web/20200331160547/https://www.sctech.edu/libraries/,2020-03-31,"501 Varsity Road, Griffin, Georgia 30223",http://web.archive.org/web/20200331160547/https://www.sctech.edu/libraries/,2020-03-31,Griffin,http://web.archive.org/web/20200331160547/https://www.sctech.edu/libraries/,2020-04-01,Spalding,https://geocoder.maplarge.com/Geocoder,2020-04-01,Georgia,http://web.archive.org/web/20200331160547/https://www.sctech.edu/libraries/,2020-03-31,United States,http://web.archive.org/web/20200331160547/https://www.sctech.edu/libraries/,2020-04-01,"33.254569,-84.289064",https://geocoder.maplarge.com/Geocoder,2020-04-02,+1-770-412-4755,http://web.archive.org/web/20200331160547/https://www.sctech.edu/libraries/,2020-03-31,,,,https://www.sctech.edu/libraries/,http://web.archive.org/web/20200331160547/https://www.sctech.edu/libraries/,2020-04-01,,,,"","","",,,,,,,,,,,,,,,,"","",
1285,Southern Crescent Technical College Flint River Campus Library,http://web.archive.org/web/20200331160547/https://www.sctech.edu/libraries/,2020-03-31,"academic library at Southern Crescent Technical College, Thomaston, Georgia, USA",Flint River Campus Library,library,http://web.archive.org/web/20200331160547/https://www.sctech.edu/libraries/,2020-03-31,"Building B, 1533 Highway 19 South, Thomaston, GA 30286",http://web.archive.org/web/20200331160547/https://www.sctech.edu/libraries/,2020-03-31,Thomaston,http://web.archive.org/web/20200331160547/https://www.sctech.edu/libraries/,2020-04-01,Upson,https://geocoder.maplarge.com/Geocoder,2020-04-01,Georgia,http://web.archive.org/web/20200331160547/https://www.sctech.edu/libraries/,2020-03-31,United States,http://web.archive.org/web/20200331160547/https://www.sctech.edu/libraries/,2020-04-01,"32.884509,-84.336486",https://geocoder.maplarge.com/Geocoder,2020-04-02,+1-706-646-6173,http://web.archive.org/web/20200331160547/https://www.sctech.edu/libraries/,2020-03-31,,,,https://www.sctech.edu/libraries/,http://web.archive.org/web/20200331160547/https://www.sctech.edu/libraries/,2020-04-01,,,,"","","",,,,,,,,,,,,,,,,"","",
1286,Southern Regional Technical College Thomasville Main Campus Library,http://web.archive.org/web/20200331161651/https://southernregional.edu/library,2020-03-31,"academic library at Southern Regional Technical College, Thomasville, Georgia, USA",Thomasville â€“ Main Campus,library,http://web.archive.org/web/20200331161651/https://southernregional.edu/library,2020-03-31,"15689 US 19 North, Thomasville, GA 31792",http://web.archive.org/web/20200331164238/https://southernregional.edu/campus-sites,2020-03-31,Thomasville,http://web.archive.org/web/20200331164238/https://southernregional.edu/campus-sites,2020-04-01,Thomas,https://geocoder.maplarge.com/Geocoder,2020-04-01,Georgia,http://web.archive.org/web/20200331164238/https://southernregional.edu/campus-sites,2020-03-31,United States,http://web.archive.org/web/20200331164238/https://southernregional.edu/campus-sites,2020-04-01,"30.86234,-83.949649",https://geocoder.maplarge.com/Geocoder,2020-04-02,+1-229-225-3958,http://web.archive.org/web/20200331164238/https://southernregional.edu/campus-sites,2020-03-31,mailto:library@southernregional.edu.,http://web.archive.org/web/20200331161651/https://southernregional.edu/library,2020-03-31,https://southernregional.edu/library,http://web.archive.org/web/20200331161651/https://southernregional.edu/library,2020-03-31,,,,"","","",,,,,,,,,,,,,,,,"","",
1287,Southern Regional Technical College Moultrie-Industrial Drive Library,http://web.archive.org/web/20200331161651/https://southernregional.edu/library,2020-03-31,"academic library at Southern Regional Technical College, Moultrie, Georgia, USA",Moultrie-Industrial Drive,library,http://web.archive.org/web/20200331161651/https://southernregional.edu/library,2020-03-31,"361 Industrial Drive, Moultrie, GA 31788",http://web.archive.org/web/20200331164238/https://southernregional.edu/campus-sites,2020-03-31,Moultrie,http://web.archive.org/web/20200331164238/https://southernregional.edu/campus-sites,2020-04-01,Colquitt,https://geocoder.maplarge.com/Geocoder,2020-04-01,Georgia,http://web.archive.org/web/20200331164238/https://southernregional.edu/campus-sites,2020-03-31,United States,http://web.archive.org/web/20200331164238/https://southernregional.edu/campus-sites,2020-04-01,"31.1813,-83.750466",https://geocoder.maplarge.com/Geocoder,2020-04-02,+1-229-217-4208,http://web.archive.org/web/20200331164238/https://southernregional.edu/campus-sites,2020-03-31,mailto:library@southernregional.edu.,http://web.archive.org/web/20200331161651/https://southernregional.edu/library,2020-03-31,https://southernregional.edu/library,http://web.archive.org/web/20200331161651/https://southernregional.edu/library,2020-03-31,,,,"","","",,,,,,,,,,,,,,,,"","",
1288,Southern Regional Technical College Moultrie-Veterans Parkway Library,http://web.archive.org/web/20200331161651/https://southernregional.edu/library,2020-03-31,"academic library at Southern Regional Technical College, Moultrie, Georgia, USA",Moultrie-Veterans Parkway,library,http://web.archive.org/web/20200331161651/https://southernregional.edu/library,2020-03-31,"800 Veterans Parkway North, Moultrie, GA, 31788",http://web.archive.org/web/20200331164238/https://southernregional.edu/campus-sites,2020-03-31,Moultrie,http://web.archive.org/web/20200331164238/https://southernregional.edu/campus-sites,2020-04-01,Colquitt,https://geocoder.maplarge.com/Geocoder,2020-04-01,Georgia,http://web.archive.org/web/20200331164238/https://southernregional.edu/campus-sites,2020-03-31,United States,http://web.archive.org/web/20200331164238/https://southernregional.edu/campus-sites,2020-04-01,"31.203585,-83.774025",https://geocoder.maplarge.com/Geocoder,2020-04-02,+1-229-891-7020,http://web.archive.org/web/20200331164238/https://southernregional.edu/campus-sites,2020-03-31,mailto:library@southernregional.edu.,http://web.archive.org/web/20200331161651/https://southernregional.edu/library,2020-03-31,https://southernregional.edu/library,http://web.archive.org/web/20200331161651/https://southernregional.edu/library,2020-03-31,,,,"","","",,,,,,,,,,,,,,,,"","",
1289,Southern Regional Technical College Tifton Library,http://web.archive.org/web/20200331161651/https://southernregional.edu/library,2020-03-31,"academic library at Southern Regional Technical College, Tifton, Georgia, USA",Tifton,library,http://web.archive.org/web/20200331161651/https://southernregional.edu/library,2020-03-31,"52 Tech Drive, Tifton, GA 31794",http://web.archive.org/web/20200331164238/https://southernregional.edu/campus-sites,2020-03-31,Tifton,http://web.archive.org/web/20200331164238/https://southernregional.edu/campus-sites,2020-04-01,Tift,https://geocoder.maplarge.com/Geocoder,2020-04-01,Georgia,http://web.archive.org/web/20200331164238/https://southernregional.edu/campus-sites,2020-03-31,United States,http://web.archive.org/web/20200331164238/https://southernregional.edu/campus-sites,2020-04-01,"31.418096,-83.508791",https://geocoder.maplarge.com/Geocoder,2020-04-02,+1-229-391-2623,http://web.archive.org/web/20200331164238/https://southernregional.edu/campus-sites,2020-03-31,mailto:library@southernregional.edu.,http://web.archive.org/web/20200331161651/https://southernregional.edu/library,2020-03-31,https://southernregional.edu/library,http://web.archive.org/web/20200331161651/https://southernregional.edu/library,2020-03-31,,,,"","","",,,,,,,,,,,,,,,,"","",
1290,Southern Regional Technical College Cairo Library,http://web.archive.org/web/20200331161651/https://southernregional.edu/library,2020-03-31,"academic library at Southern Regional Technical College, Cairo, Georgia, USA",Cairo,library,http://web.archive.org/web/20200331161651/https://southernregional.edu/library,2020-03-31,"1550 Highway 84 West, Cairo, GA 39828",http://web.archive.org/web/20200331164238/https://southernregional.edu/campus-sites,2020-03-31,Cairo,http://web.archive.org/web/20200331164238/https://southernregional.edu/campus-sites,2020-04-01,Whitfield,https://geocoder.maplarge.com/Geocoder,2020-04-01,Georgia,http://web.archive.org/web/20200331164238/https://southernregional.edu/campus-sites,2020-03-31,United States,http://web.archive.org/web/20200331164238/https://southernregional.edu/campus-sites,2020-04-01,"30.877294,-84.181872",https://geocoder.maplarge.com/Geocoder,2020-04-02,+1-229-378-2906,http://web.archive.org/web/20200331164238/https://southernregional.edu/campus-sites,2020-03-31,mailto:library@southernregional.edu.,http://web.archive.org/web/20200331161651/https://southernregional.edu/library,2020-03-31,https://southernregional.edu/library,http://web.archive.org/web/20200331161651/https://southernregional.edu/library,2020-03-31,,,,"","","",,,,,,,,,,,,,,,,"","",
1291,West Georgia Technical College Roger Schoerner Technical Library,http://web.archive.org/web/20200331182431/https://www.westgatech.edu/program-explorer/academic-resources/library/locations-staff/,2020-03-31,"academic library at West Georgia Technical College, Carrollton, Georgia, USA",Carroll campus,library,http://web.archive.org/web/20200331182431/https://www.westgatech.edu/program-explorer/academic-resources/library/locations-staff/,2020-03-31,"997 South Highway 16, Carrollton, Georgia 30116",http://web.archive.org/web/20200331182431/https://www.westgatech.edu/program-explorer/academic-resources/library/locations-staff/,2020-03-31,Carrollton,http://web.archive.org/web/20200331182431/https://www.westgatech.edu/program-explorer/academic-resources/library/locations-staff/,2020-04-01,DeKalb,https://geocoder.maplarge.com/Geocoder,2020-04-01,Georgia,http://web.archive.org/web/20200331182431/https://www.westgatech.edu/program-explorer/academic-resources/library/locations-staff/,2020-03-31,United States,http://web.archive.org/web/20200331182431/https://www.westgatech.edu/program-explorer/academic-resources/library/locations-staff/,2020-04-01,"33.566843,-85.047502",https://geocoder.maplarge.com/Geocoder,2020-04-02,+1-770-836-4711,http://web.archive.org/web/20200331182431/https://www.westgatech.edu/program-explorer/academic-resources/library/locations-staff/,2020-03-31,,,,https://www.westgatech.edu/program-explorer/academic-resources/library/,http://web.archive.org/web/20200331181817/https://www.westgatech.edu/program-explorer/academic-resources/library/,2020-03-31,,,,"","","",,,,,,,,,,,,,,,,"","",
1292,West Georgia Technical College Coweta Campus Library,http://web.archive.org/web/20200331182431/https://www.westgatech.edu/program-explorer/academic-resources/library/locations-staff/,2020-03-31,"academic library at West Georgia Technical College, Newnan, Georgia, USA",Coweta campus,library,http://web.archive.org/web/20200331182431/https://www.westgatech.edu/program-explorer/academic-resources/library/locations-staff/,2020-03-31,"200 Campus Drive, Newnan, GA 30263",http://web.archive.org/web/20200331182431/https://www.westgatech.edu/program-explorer/academic-resources/library/locations-staff/,2020-03-31,Newnan,http://web.archive.org/web/20200331182431/https://www.westgatech.edu/program-explorer/academic-resources/library/locations-staff/,2020-04-01,Newton,https://geocoder.maplarge.com/Geocoder,2020-04-01,Georgia,http://web.archive.org/web/20200331182431/https://www.westgatech.edu/program-explorer/academic-resources/library/locations-staff/,2020-03-31,United States,http://web.archive.org/web/20200331182431/https://www.westgatech.edu/program-explorer/academic-resources/library/locations-staff/,2020-04-01,"33.346645,-84.759763",https://geocoder.maplarge.com/Geocoder,2020-04-02,+1-770-755-7844,http://web.archive.org/web/20200331182431/https://www.westgatech.edu/program-explorer/academic-resources/library/locations-staff/,2020-03-31,,,,https://www.westgatech.edu/program-explorer/academic-resources/library/,http://web.archive.org/web/20200331181817/https://www.westgatech.edu/program-explorer/academic-resources/library/,2020-03-31,,,,"","","",,,,,,,,,,,,,,,,"","",
1293,West Georgia Technical College Douglas Campus Library,http://web.archive.org/web/20200331182431/https://www.westgatech.edu/program-explorer/academic-resources/library/locations-staff/,2020-03-31,"academic library at West Georgia Technical College, Douglasville, Georgia, USA",Douglas campus,library,http://web.archive.org/web/20200331182431/https://www.westgatech.edu/program-explorer/academic-resources/library/locations-staff/,2020-03-31,"4600 Timber Ridge Drive, Douglasville, Georgia 30135",http://web.archive.org/web/20200331182431/https://www.westgatech.edu/program-explorer/academic-resources/library/locations-staff/,2020-03-31,Douglasville,http://web.archive.org/web/20200331182431/https://www.westgatech.edu/program-explorer/academic-resources/library/locations-staff/,2020-04-01,DeKalb,https://geocoder.maplarge.com/Geocoder,2020-04-01,Georgia,http://web.archive.org/web/20200331182431/https://www.westgatech.edu/program-explorer/academic-resources/library/locations-staff/,2020-03-31,United States,http://web.archive.org/web/20200331182431/https://www.westgatech.edu/program-explorer/academic-resources/library/locations-staff/,2020-04-01,"33.732352,-84.728746",https://geocoder.maplarge.com/Geocoder,2020-04-02,+1-770-947-7238,http://web.archive.org/web/20200331182431/https://www.westgatech.edu/program-explorer/academic-resources/library/locations-staff/,2020-03-31,,,,https://www.westgatech.edu/program-explorer/academic-resources/library/,http://web.archive.org/web/20200331181817/https://www.westgatech.edu/program-explorer/academic-resources/library/,2020-03-31,,,,"","","",,,,,,,,,,,,,,,,"","",
1294,West Georgia Technical College LaGrange Campus Library,http://web.archive.org/web/20200331182431/https://www.westgatech.edu/program-explorer/academic-resources/library/locations-staff/,2020-03-31,"academic library at West Georgia Technical College, LaGrange, Georgia, USA",LaGrange campus,library,http://web.archive.org/web/20200331182431/https://www.westgatech.edu/program-explorer/academic-resources/library/locations-staff/,2020-03-31,"1 College Circle, LaGrange, GA 30240",http://web.archive.org/web/20200331182431/https://www.westgatech.edu/program-explorer/academic-resources/library/locations-staff/,2020-03-31,LaGrange,http://web.archive.org/web/20200331182431/https://www.westgatech.edu/program-explorer/academic-resources/library/locations-staff/,2020-04-01,Fulton,https://geocoder.maplarge.com/Geocoder,2020-04-01,Georgia,http://web.archive.org/web/20200331182431/https://www.westgatech.edu/program-explorer/academic-resources/library/locations-staff/,2020-03-31,United States,http://web.archive.org/web/20200331182431/https://www.westgatech.edu/program-explorer/academic-resources/library/locations-staff/,2020-04-01,"33.374136,-84.802787",https://geocoder.maplarge.com/Geocoder,2020-04-02,+1-706-756-4557,http://web.archive.org/web/20200331182431/https://www.westgatech.edu/program-explorer/academic-resources/library/locations-staff/,2020-03-31,,,,https://www.westgatech.edu/program-explorer/academic-resources/library/,http://web.archive.org/web/20200331181817/https://www.westgatech.edu/program-explorer/academic-resources/library/,2020-03-31,,,,"","","",,,,,,,,,,,,,,,,"","",
1295,West Georgia Technical College Mary McClung Library,http://web.archive.org/web/20200331182431/https://www.westgatech.edu/program-explorer/academic-resources/library/locations-staff/,2020-03-31,"academic library at West Georgia Technical College, Waco, Georgia, USA",Murphy campus,library,http://web.archive.org/web/20200331182431/https://www.westgatech.edu/program-explorer/academic-resources/library/locations-staff/,2020-03-31,"176 Murphy Campus Boulevard, Waco, GA 30182",http://web.archive.org/web/20200331182431/https://www.westgatech.edu/program-explorer/academic-resources/library/locations-staff/,2020-03-31,Waco,http://web.archive.org/web/20200331182431/https://www.westgatech.edu/program-explorer/academic-resources/library/locations-staff/,2020-04-01,Gwinnett,https://geocoder.maplarge.com/Geocoder,2020-04-01,Georgia,http://web.archive.org/web/20200331182431/https://www.westgatech.edu/program-explorer/academic-resources/library/locations-staff/,2020-03-31,United States,http://web.archive.org/web/20200331182431/https://www.westgatech.edu/program-explorer/academic-resources/library/locations-staff/,2020-04-01,"33.680148,-85.251297",https://geocoder.maplarge.com/Geocoder,2020-04-02,+1-770-537-6066,http://web.archive.org/web/20200331182431/https://www.westgatech.edu/program-explorer/academic-resources/library/locations-staff/,2020-03-31,,,,https://www.westgatech.edu/program-explorer/academic-resources/library/,http://web.archive.org/web/20200331181817/https://www.westgatech.edu/program-explorer/academic-resources/library/,2020-03-31,,,,"","","",,,,,,,,,,,,,,,,"","",
1296,"Wiregrass Georgia Technical College Ben Hill-Irwin Campus The Lewis I. Brinson, Sr. Library",http://web.archive.org/web/20200331190456/https://www.wiregrass.edu/library,2020-03-31,"academic library at Wiregrass Georgia Technical College, Fitzgerald, Georgia, USA",,library,http://web.archive.org/web/20200331190456/https://www.wiregrass.edu/library,2020-03-31,"667 Perry House Road, Fitzgerald, Georgia 31750",http://web.archive.org/web/20200331190456/https://www.wiregrass.edu/library,2020-03-31,Fitzgerald,http://web.archive.org/web/20200331190456/https://www.wiregrass.edu/library,2020-04-01,Hall,https://geocoder.maplarge.com/Geocoder,2020-04-01,Georgia,http://web.archive.org/web/20200331190456/https://www.wiregrass.edu/library,2020-03-31,United States,http://web.archive.org/web/20200331190456/https://www.wiregrass.edu/library,2020-04-01,"31.655876,-83.263952",https://geocoder.maplarge.com/Geocoder,2020-04-02,+1-229-468-2000,http://web.archive.org/web/20200331190456/https://www.wiregrass.edu/library,2020-03-31,mailto:library@wiregrass.edu,http://web.archive.org/web/20200331190456/https://www.wiregrass.edu/library,2020-03-31,https://www.wiregrass.edu/library,http://web.archive.org/web/20200331190456/https://www.wiregrass.edu/library,2020-03-31,,,,"","","",,,,,,,,,,,,,,,,"","",
1297,Wiregrass Georgia Technical College Coffee Campus Library,http://web.archive.org/web/20200331190456/https://www.wiregrass.edu/library,2020-03-31,"academic library at Wiregrass Georgia Technical College, Douglas, Georgia, USA",,library,http://web.archive.org/web/20200331190456/https://www.wiregrass.edu/library,2020-03-31,"706 West Baker Highway, Douglas, Georgia 31533",http://web.archive.org/web/20200331190456/https://www.wiregrass.edu/library,2020-03-31,Douglas,http://web.archive.org/web/20200331190456/https://www.wiregrass.edu/library,2020-04-01,Forsyth,https://geocoder.maplarge.com/Geocoder,2020-04-01,Georgia,http://web.archive.org/web/20200331190456/https://www.wiregrass.edu/library,2020-03-31,United States,http://web.archive.org/web/20200331190456/https://www.wiregrass.edu/library,2020-04-01,"31.500788,-82.860812",https://geocoder.maplarge.com/Geocoder,2020-04-02,+1-912-389-4303,http://web.archive.org/web/20200331190456/https://www.wiregrass.edu/library,2020-03-31,mailto:library@wiregrass.edu,http://web.archive.org/web/20200331190456/https://www.wiregrass.edu/library,2020-03-31,https://www.wiregrass.edu/library,http://web.archive.org/web/20200331190456/https://www.wiregrass.edu/library,2020-03-31,,,,"","","",,,,,,,,,,,,,,,,"","",
1298,Wiregrass Georgia Technical College Cook County Workforce Development Center Library,http://web.archive.org/web/20200331190456/https://www.wiregrass.edu/library,2020-03-31,"academic library at Wiregrass Georgia Technical College, Sparks, Georgia, USA",,library,http://web.archive.org/web/20200331190456/https://www.wiregrass.edu/library,2020-03-31,"1676 North Elm Street, Sparks, Georgia 31647",http://web.archive.org/web/20200331190456/https://www.wiregrass.edu/library,2020-03-31,Sparks,http://web.archive.org/web/20200331190456/https://www.wiregrass.edu/library,2020-04-01,Barrow,https://geocoder.maplarge.com/Geocoder,2020-04-01,Georgia,http://web.archive.org/web/20200331190456/https://www.wiregrass.edu/library,2020-03-31,United States,http://web.archive.org/web/20200331190456/https://www.wiregrass.edu/library,2020-04-01,"31.155842,-83.435798",https://geocoder.maplarge.com/Geocoder,2020-04-02,+1-229-549-7830,http://web.archive.org/web/20200331190456/https://www.wiregrass.edu/library,2020-03-31,mailto:library@wiregrass.edu,http://web.archive.org/web/20200331190456/https://www.wiregrass.edu/library,2020-03-31,https://www.wiregrass.edu/library,http://web.archive.org/web/20200331190456/https://www.wiregrass.edu/library,2020-03-31,,,,"","","",,,,,,,,,,,,,,,,"","",
1299,Wiregrass Georgia Technical College Valdosta Campus Library,http://web.archive.org/web/20200331190456/https://www.wiregrass.edu/library,2020-03-31,"academic library at Wiregrass Georgia Technical College, Valdosta, Georgia, USA",,library,http://web.archive.org/web/20200331190456/https://www.wiregrass.edu/library,2020-03-31,"4089 Val Tech Road, Valdosta, Georgia 31602",http://web.archive.org/web/20200331190456/https://www.wiregrass.edu/library,2020-03-31,Valdosta,http://web.archive.org/web/20200331190456/https://www.wiregrass.edu/library,2020-04-01,Dawson,https://geocoder.maplarge.com/Geocoder,2020-04-01,Georgia,http://web.archive.org/web/20200331190456/https://www.wiregrass.edu/library,2020-03-31,United States,http://web.archive.org/web/20200331190456/https://www.wiregrass.edu/library,2020-04-01,"30.894151,-83.361224",https://geocoder.maplarge.com/Geocoder,2020-04-02,+1-229-333-2100,http://web.archive.org/web/20200331190456/https://www.wiregrass.edu/library,2020-03-31,mailto:library@wiregrass.edu,http://web.archive.org/web/20200331190456/https://www.wiregrass.edu/library,2020-03-31,https://www.wiregrass.edu/library,http://web.archive.org/web/20200331190456/https://www.wiregrass.edu/library,2020-03-31,,,,"","","",,,,,,,,,,,,,,,,"","",